MSSubClass,LotArea,OverallQual,OverallCond,YearBuilt,YearRemodAdd,MasVnrArea,BsmtFinSF1,BsmtUnfSF,TotalBsmtSF,1stFlrSF,2ndFlrSF,GrLivArea,BsmtFullBath,FullBath,HalfBath,BedroomAbvGr,KitchenAbvGr,TotRmsAbvGrd,Fireplaces,GarageCars,GarageArea,WoodDeckSF,OpenPorchSF,EnclosedPorch,SalePrice,MSZoning_label,Street_label,Alley_label,LotShape_label,LandContour_label,Utilities_label,LotConfig_label,LandSlope_label,Neighborhood_freq,Condition1_label,Condition2_label,BldgType_label,HouseStyle_label,RoofStyle_label,RoofMatl_label,Exterior1st_freq,Exterior2nd_freq,MasVnrType_label,ExterQual_label,ExterCond_label,Foundation_label,BsmtQual_label,BsmtCond_label,BsmtExposure_label,BsmtFinType1_label,BsmtFinType2_label,Heating_label,HeatingQC_label,CentralAir_label,Electrical_label,KitchenQual_label,Functional_label,FireplaceQu_label,GarageType_label,GarageFinish_label,GarageQual_label,GarageCond_label,PavedDrive_label,PoolQC_label,Fence_label,MiscFeature_label,SaleType_label,SaleCondition_label
0.23529411764705882,0.03239768106719571,0.6666666666666666,0.5,0.9461538461538461,0.8833333333333333,0.1225,0.3707983193277311,0.0642123287671233,0.26699937616968183,0.13588342440801457,0.46974697469746973,0.3853626943005181,0.5,0.6666666666666666,0.5,0.5,0.0,0.5555555555555556,0.0,0.5,0.4699828473413379,0.0,0.11663479923518165,0.0,0.33378196500672946,3,1,0,3,3,0,4,0,54,2,2,0,5,1,0,179,178,1,2,3,2,2,3,3,2,5,0,0,1,4,2,5,2,1,1,4,4,2,0,2,1,7,4
0.0,0.03777857841371146,0.5555555555555556,0.875,0.7384615384615385,0.43333333333333335,0.0,0.5136554621848739,0.12157534246575342,0.3936369307548347,0.2837887067395264,0.0,0.24028497409326424,0.0,0.6666666666666666,0.0,0.5,0.0,0.3333333333333333,0.3333333333333333,0.5,0.39451114922813035,0.34772462077012833,0.0,0.0,0.28186887137089023,3,1,0,3,3,0,2,0,5,1,2,0,2,1,0,65,66,1,3,3,1,2,3,1,0,5,0,0,1,4,3,5,4,1,1,4,4,2,0,2,1,7,4
0.23529411764705882,0.04549899634566885,0.6666666666666666,0.5,0.9307692307692308,0.8666666666666667,0.10125,0.2552521008403361,0.1857876712328767,0.28696194635059263,0.15919854280510018,0.47634763476347636,0.4099740932642487,0.5,0.6666666666666666,0.5,0.5,0.0,0.3333333333333333,0.3333333333333333,0.5,0.5214408233276158,0.0,0.08030592734225621,0.0,0.3626225725821957,3,1,0,0,3,0,4,0,54,2,2,0,5,1,0,179,178,1,2,3,2,2,3,2,2,5,0,0,1,4,2,5,4,1,1,4,4,2,0,2,1,7,4
0.29411764705882354,0.037544626355167296,0.6666666666666666,0.5,0.2692307692307692,0.3333333333333333,0.0,0.1134453781512605,0.23116438356164384,0.23580786026200873,0.17413479052823316,0.4158415841584158,0.38762953367875647,0.5,0.3333333333333333,0.0,0.5,0.0,0.4444444444444444,0.3333333333333333,0.75,0.5506003430531733,0.0,0.06692160611854685,0.4927536231884058,0.20207652374543358,3,1,0,0,3,0,0,0,14,2,2,0,5,1,0,78,13,1,3,3,0,3,1,3,0,5,0,2,1,4,2,5,2,5,2,4,4,2,0,2,1,7,0
0.23529411764705882,0.05958291027002747,0.7777777777777778,0.5,0.9230769230769231,0.8333333333333334,0.21875,0.3440126050420168,0.20976027397260275,0.35714285714285715,0.24116575591985429,0.5792079207920792,0.5433937823834197,0.5,0.6666666666666666,0.5,0.6666666666666666,0.0,0.6666666666666666,0.3333333333333333,0.75,0.7169811320754716,0.22403733955659277,0.16061185468451242,0.0,0.41357431263218614,3,1,0,0,3,0,2,0,10,2,2,0,5,1,0,179,178,1,2,3,2,2,3,0,2,5,0,0,1,4,2,5,4,1,1,4,4,2,0,2,1,7,4
0.17647058823529413,0.05890444930024939,0.4444444444444444,0.5,0.8692307692307693,0.75,0.0,0.38445378151260506,0.0273972602739726,0.24828446662507797,0.11402550091074681,0.31133113311331134,0.27266839378238344,0.5,0.3333333333333333,0.5,0.16666666666666666,0.0,0.2222222222222222,0.0,0.5,0.411663807890223,0.046674445740956826,0.05736137667304015,0.0,0.20784464526052682,3,1,0,0,3,0,4,0,16,2,2,0,0,1,0,179,178,1,3,3,5,2,3,3,2,5,0,0,1,4,3,5,2,1,2,4,4,2,0,2,1,7,4
0.0,0.04004323434041896,0.7777777777777778,0.5,0.9538461538461539,0.9166666666666666,0.11625,0.7190126050420168,0.13570205479452055,0.5258889582033687,0.4411657559198543,0.0,0.3801813471502591,0.5,0.6666666666666666,0.0,0.5,0.0,0.4444444444444444,0.3333333333333333,0.5,0.5454545454545454,0.2975495915985998,0.1089866156787763,0.0,0.5231686214189579,3,1,0,3,3,0,4,0,26,2,2,0,2,1,0,179,178,2,2,3,2,0,3,0,2,5,0,0,1,4,2,5,2,1,1,4,4,2,0,2,1,7,4
0.23529411764705882,0.04143758860934217,0.6666666666666666,0.625,0.7153846153846154,0.38333333333333336,0.15,0.45115546218487396,0.09246575342465753,0.34529008109794135,0.2273224043715847,0.5407040704070407,0.508419689119171,0.5,0.6666666666666666,0.5,0.5,0.0,0.4444444444444444,0.6666666666666666,0.5,0.41509433962264153,0.2742123687281214,0.390057361376673,0.41304347826086957,0.3174389540472986,3,1,0,0,3,0,0,0,19,4,2,0,5,1,0,71,64,2,3,3,1,2,3,2,0,1,0,0,1,4,3,5,4,1,1,4,4,2,0,2,1,7,4
0.17647058823529413,0.021495515139037708,0.6666666666666666,0.5,0.3923076923076923,0.0,0.0,0.0,0.4075342465753425,0.29694323144104806,0.19635701275045536,0.4136413641364136,0.4060880829015544,0.0,0.6666666666666666,0.0,0.3333333333333333,0.5,0.5555555555555556,0.6666666666666666,0.5,0.4013722126929674,0.10501750291715285,0.0,0.3713768115942029,0.1826571813112863,4,1,0,3,3,0,4,0,46,0,2,0,0,1,0,19,13,1,3,3,0,3,3,3,5,5,0,2,1,1,3,2,4,5,2,1,4,2,0,2,1,7,0
1.0,0.02757826866118595,0.4444444444444444,0.625,0.45384615384615384,0.0,0.0,0.44695378151260506,0.059931506849315065,0.30910792264504056,0.21639344262295082,0.0,0.18037564766839378,0.5,0.3333333333333333,0.0,0.3333333333333333,0.5,0.2222222222222222,0.6666666666666666,0.25,0.1758147512864494,0.0,0.0076481835564053535,0.0,0.15977696596808305,3,1,0,3,3,0,0,0,19,0,0,1,1,1,0,65,66,1,3,3,0,3,3,3,2,5,0,0,1,4,3,5,4,1,1,2,4,2,0,2,1,7,4
0.0,0.04526504428712468,0.4444444444444444,0.5,0.6538461538461539,0.25,0.0,0.47584033613445376,0.05736301369863014,0.32439176543980036,0.2029143897996357,0.0,0.16839378238341968,0.5,0.3333333333333333,0.0,0.5,0.0,0.2222222222222222,0.0,0.25,0.3293310463121784,0.0,0.0,0.0,0.1818880984426072,3,1,0,3,3,0,4,0,22,2,2,0,2,3,0,71,64,1,3,3,1,3,3,3,4,5,0,0,1,4,3,5,2,5,2,4,4,2,0,2,1,7,4
0.23529411764705882,0.04865267009484416,0.8888888888888888,0.5,0.9615384615384616,0.9333333333333333,0.17875,0.5241596638655462,0.07577054794520548,0.3665003119151591,0.2546448087431694,0.6281628162816282,0.5841968911917098,0.5,1.0,0.0,0.6666666666666666,0.0,0.8888888888888888,0.6666666666666666,0.75,0.6312178387650086,0.17152858809801633,0.040152963671128104,0.0,0.5962314939434724,3,1,0,0,3,0,4,0,35,2,2,0,5,3,0,11,13,2,0,3,2,0,3,3,2,5,0,0,1,4,0,5,2,3,0,4,4,2,0,2,1,6,5
0.0,0.05353758907724629,0.4444444444444444,0.625,0.6307692307692307,0.2,0.0,0.3870798319327731,0.07491438356164383,0.28446662507797876,0.15628415300546447,0.0,0.12694300518134716,0.5,0.3333333333333333,0.0,0.3333333333333333,0.0,0.1111111111111111,0.0,0.25,0.3018867924528302,0.1633605600933489,0.0,0.0,0.20976735243222458,3,1,0,1,3,0,4,0,22,2,2,0,2,3,0,71,54,1,3,3,1,3,3,3,0,5,0,4,1,4,3,5,2,5,2,4,4,2,0,2,1,7,4
0.0,0.04270092972548065,0.6666666666666666,0.5,0.9692307692307692,0.95,0.19125,0.0,0.639554794520548,0.46600124766063633,0.36830601092896176,0.0,0.31541450777202074,0.0,0.6666666666666666,0.0,0.5,0.0,0.4444444444444444,0.3333333333333333,0.75,0.7204116638078902,0.1866977829638273,0.06309751434034416,0.0,0.47029417419726977,3,1,0,0,3,0,4,0,54,2,2,0,2,1,0,179,178,2,2,3,2,2,3,0,5,5,0,0,1,4,2,5,2,1,1,4,4,2,0,2,1,6,5
0.0,0.04395491275927737,0.5555555555555556,0.5,0.6153846153846154,0.16666666666666666,0.1325,0.3849789915966387,0.2226027397260274,0.39082969432314413,0.28051001821493626,0.0,0.23737046632124353,0.5,0.3333333333333333,0.5,0.3333333333333333,0.0,0.2222222222222222,0.3333333333333333,0.25,0.3018867924528302,0.0,0.4072657743785851,0.3188405797101449,0.23476254566429533,3,1,0,0,3,0,0,0,74,2,2,0,2,3,0,65,66,1,3,3,1,3,3,3,1,5,0,4,1,4,3,5,1,1,1,4,4,2,0,1,1,7,4
0.14705882352941177,0.021495515139037708,0.6666666666666666,0.875,0.3769230769230769,0.85,0.0,0.0,0.3561643835616438,0.2595134123518403,0.13515482695810566,0.0,0.10816062176165803,0.0,0.3333333333333333,0.0,0.3333333333333333,0.0,0.2222222222222222,0.0,0.5,0.4939965694682676,0.056009334889148193,0.21414913957934992,0.0,0.18669486637185156,4,1,0,3,3,0,0,0,19,2,2,0,1,1,0,78,72,1,3,3,0,3,3,3,5,5,0,0,1,0,3,5,2,5,2,4,4,2,0,0,1,7,4
0.0,0.045456884975130896,0.5555555555555556,0.75,0.6923076923076923,0.3333333333333333,0.1125,0.30357142857142855,0.18236301369863014,0.31316281971303805,0.18979963570127503,0.0,0.1567357512953368,0.5,0.3333333333333333,0.0,0.3333333333333333,0.0,0.2222222222222222,0.3333333333333333,0.5,0.411663807890223,0.0,0.0,0.0,0.2193808882907133,3,1,0,0,3,0,1,0,74,2,2,0,2,1,0,78,72,1,3,3,1,3,3,3,0,5,0,0,1,4,3,5,4,1,0,4,4,2,0,2,1,7,4
0.4117647058823529,0.04335131644823343,0.3333333333333333,0.5,0.6692307692307692,0.2833333333333333,0.0,0.0,0.0,0.0,0.29617486338797816,0.0,0.25129533678756477,0.0,0.6666666666666666,0.0,0.3333333333333333,0.5,0.3333333333333333,0.0,0.5,0.4425385934819897,0.0,0.0,0.0,0.10594116516054605,3,1,0,3,3,0,4,0,22,2,2,2,2,1,0,65,66,1,3,3,3,3,3,3,2,5,0,4,1,4,3,5,2,4,2,4,4,2,0,2,1,7,4
0.0,0.05693925200847842,0.4444444444444444,0.5,0.9538461538461539,0.9,0.0,0.3392857142857143,0.20034246575342465,0.34747348721147847,0.22987249544626595,0.0,0.19235751295336787,0.5,0.3333333333333333,0.5,0.5,0.0,0.3333333333333333,0.0,0.5,0.4939965694682676,0.0,0.1950286806883365,0.0,0.23860796000769083,3,1,0,3,3,0,4,0,24,5,2,0,2,1,0,179,178,1,3,3,2,3,3,3,2,5,0,0,1,4,2,5,2,5,2,4,4,2,0,2,1,7,4
0.0,0.028233334425109606,0.4444444444444444,0.625,0.6,0.25,0.0,0.2647058823529412,0.2247431506849315,0.32096069868995636,0.31183970856102006,0.0,0.265220207253886,0.0,0.3333333333333333,0.0,0.5,0.0,0.3333333333333333,0.0,0.25,0.2521440823327616,0.0,0.0,0.0,0.20015381657373582,3,1,0,3,3,0,4,0,74,2,2,0,2,3,0,19,54,1,3,3,1,3,3,3,3,5,0,4,1,4,3,2,2,1,2,4,4,2,0,2,1,0,0
0.23529411764705882,0.059372353417337716,0.7777777777777778,0.5,0.9615384615384616,0.9333333333333333,0.2375,0.0,0.4957191780821918,0.36119775421085465,0.2459016393442623,0.66996699669967,0.6010362694300518,0.0,1.0,0.5,0.6666666666666666,0.0,0.6666666666666666,0.3333333333333333,0.75,0.7315608919382505,0.28004667444574094,0.2944550669216061,0.0,0.5583541626610268,3,1,0,0,3,0,0,0,35,2,2,0,5,1,0,179,178,1,2,3,2,0,3,0,5,5,0,0,1,4,2,5,2,3,1,4,4,2,0,2,1,6,5
0.14705882352941177,0.027713960855141564,0.6666666666666666,0.75,0.38461538461538464,0.0,0.0,0.0,0.2726883561643836,0.19868995633187772,0.22768670309653916,0.0,0.19041450777202074,0.0,0.3333333333333333,0.0,0.5,0.0,0.3333333333333333,0.3333333333333333,0.25,0.24013722126929674,0.0,0.0,0.3713768115942029,0.20092289944241493,4,1,0,3,0,0,4,0,18,2,2,0,1,1,0,78,72,1,3,3,2,3,3,3,5,5,0,0,1,1,2,5,2,1,2,4,4,0,0,0,1,7,4
0.0,0.038443002259976884,0.7777777777777778,0.5,0.9384615384615385,0.8666666666666667,0.175625,0.0,0.7607020547945206,0.5542732376793512,0.47795992714025504,0.0,0.41288860103626945,0.0,0.6666666666666666,0.0,0.5,0.0,0.4444444444444444,0.3333333333333333,0.5,0.45797598627787306,0.19953325554259044,0.30401529636711283,0.0,0.3751201691982311,3,1,0,3,3,0,4,0,54,2,2,0,2,3,0,179,178,1,2,3,2,2,3,3,5,5,0,0,1,4,2,5,2,1,1,4,4,2,0,2,1,7,4
0.5882352941176471,0.012624053079043043,0.4444444444444444,0.75,0.7384615384615385,0.43333333333333335,0.0,0.4411764705882353,0.08561643835616438,0.32439176543980036,0.21020036429872496,0.0,0.17487046632124353,0.5,0.3333333333333333,0.0,0.5,0.0,0.3333333333333333,0.3333333333333333,0.5,0.49056603773584906,0.11668611435239207,0.21032504780114722,0.0,0.1826571813112863,4,1,0,3,3,0,4,0,7,2,2,4,2,1,0,20,20,1,3,3,2,2,3,3,2,5,0,4,1,4,3,5,4,1,2,4,4,2,0,2,1,7,4
0.0,0.031443156668335526,0.4444444444444444,0.875,0.676923076923077,0.85,0.0,0.09873949579831932,0.08732876712328767,0.330630068621335,0.21020036429872496,0.0,0.17487046632124353,0.5,0.3333333333333333,0.0,0.5,0.0,0.3333333333333333,0.3333333333333333,0.25,0.23156089193825044,0.47374562427071176,0.17208413001912046,0.0,0.22899442414920207,3,1,0,0,3,0,4,0,22,2,2,0,2,1,0,39,54,1,3,1,1,3,3,2,4,0,0,0,1,4,2,5,4,1,2,4,4,2,0,2,1,7,4
0.0,0.05944253903490097,0.7777777777777778,0.5,0.9769230769230769,0.95,0.4,0.0,0.6703767123287672,0.48845913911416095,0.4069216757741348,0.0,0.34974093264248707,0.0,0.6666666666666666,0.0,0.5,0.0,0.4444444444444444,0.3333333333333333,0.75,0.7632933104631218,0.0,0.10707456978967496,0.0,0.42568736781388195,3,1,0,3,3,0,0,0,35,2,2,0,2,1,0,179,178,2,2,3,2,2,3,3,5,5,0,0,1,4,2,5,2,1,1,4,4,2,0,2,1,7,4
0.0,0.026548879603591632,0.4444444444444444,0.75,0.5461538461538461,0.8333333333333334,0.0,0.12289915966386554,0.07705479452054795,0.280723643169058,0.15191256830601094,0.0,0.12305699481865284,0.0,0.3333333333333333,0.0,0.5,0.0,0.2222222222222222,0.0,0.5,0.4939965694682676,0.2590431738623104,0.06118546845124283,0.0,0.19207844645260527,3,1,0,3,3,0,0,0,74,2,2,0,2,1,0,78,72,1,3,3,1,3,3,2,1,4,0,4,1,4,2,5,2,5,2,4,4,2,0,2,1,7,4
0.0,0.04656581773263023,0.7777777777777778,0.5,0.9769230769230769,0.9666666666666667,0.125,0.6397058823529411,0.20804794520547945,0.5315034310667498,0.4448087431693989,0.0,0.38341968911917096,0.5,0.6666666666666666,0.0,0.5,0.0,0.4444444444444444,0.3333333333333333,0.75,0.6620926243567753,0.0,0.09560229445506692,0.0,0.5212459142472602,3,1,0,3,3,0,4,0,35,2,2,0,2,1,0,179,178,2,2,3,2,0,3,3,2,5,0,0,1,4,2,5,2,1,1,4,4,2,0,2,1,7,4
0.0,0.06922641412321787,0.4444444444444444,0.625,0.5923076923076923,0.7833333333333333,0.0,0.6706932773109243,0.08861301369863013,0.462882096069869,0.4069216757741348,0.0,0.34974093264248707,0.5,0.3333333333333333,0.0,0.3333333333333333,0.0,0.3333333333333333,0.6666666666666666,0.25,0.27358490566037735,0.33605600933488916,0.4933078393881453,0.0,0.33185925783503173,3,1,0,0,3,0,1,0,74,2,2,0,2,1,0,65,66,1,3,3,1,3,3,1,1,5,0,4,1,4,3,5,2,1,1,4,4,2,0,2,1,7,4
0.058823529411764705,0.022450039537897894,0.3333333333333333,0.625,0.36153846153846153,0.0,0.0,0.0,0.2226027397260274,0.16219588271990018,0.01347905282331512,0.0,0.0,0.0,0.3333333333333333,0.0,0.16666666666666666,0.0,0.1111111111111111,0.0,0.25,0.2058319039451115,0.057176196032672114,0.0,0.15760869565217392,0.06460296096904442,4,1,0,0,3,0,4,0,19,1,3,0,2,1,0,65,66,1,3,3,0,3,3,3,5,5,0,1,0,4,1,5,2,5,2,1,4,2,0,2,1,7,4
0.29411764705882354,0.03263163312573987,0.3333333333333333,0.375,0.3076923076923077,0.0,0.0,0.0,0.2778253424657534,0.2024329382407985,0.0604735883424408,0.36743674367436746,0.25809585492227977,0.0,0.3333333333333333,0.0,0.5,0.0,0.3333333333333333,0.0,0.25,0.2144082332761578,0.0,0.10325047801147227,0.3115942028985507,0.009805806575658528,0,1,1,3,3,0,4,0,18,1,2,0,5,2,0,19,9,1,3,0,0,3,3,3,5,5,0,4,0,4,3,5,2,5,2,4,1,0,0,2,1,7,4
0.0,0.032837510937258736,0.4444444444444444,0.625,0.6615384615384615,0.9333333333333333,0.0,0.0,0.5256849315068494,0.3830318153462258,0.27140255009107467,0.0,0.22927461139896374,0.0,0.3333333333333333,0.5,0.5,0.0,0.3333333333333333,0.0,0.25,0.23241852487135506,0.0,0.124282982791587,0.0,0.22005383580080753,3,1,0,0,3,0,1,0,22,2,2,0,2,1,0,71,64,1,3,3,1,3,3,3,5,5,0,2,1,4,2,5,2,1,2,4,4,2,0,2,1,7,4
0.0,0.04455850907032131,0.7777777777777778,0.5,0.9769230769230769,0.95,0.0,0.0,0.5282534246575342,0.3849033063006862,0.27358834244080144,0.0,0.23121761658031087,0.0,0.6666666666666666,0.0,0.5,0.0,0.4444444444444444,0.0,0.5,0.41509433962264153,0.0,0.05736137667304015,0.0,0.2787925398961738,3,1,0,3,3,0,0,0,54,2,2,0,2,1,0,179,178,1,2,3,2,0,3,0,5,5,0,0,1,4,2,5,2,1,1,4,4,2,0,2,1,7,4
0.0,0.04223302560839233,0.4444444444444444,0.5,0.6076923076923076,0.15,0.0,0.5346638655462185,0.16267123287671234,0.4360573923892701,0.44335154826958106,0.0,0.38212435233160624,0.0,0.3333333333333333,0.5,0.6666666666666666,0.0,0.3333333333333333,0.3333333333333333,0.5,0.3833619210977702,0.0,0.07265774378585087,0.0,0.2511055566237262,3,1,0,0,3,0,4,0,74,2,2,0,2,3,0,19,9,1,3,3,1,3,3,3,4,5,0,2,1,4,2,5,2,1,1,4,4,2,0,2,1,7,4
0.5882352941176471,0.02707761125590144,0.8888888888888888,0.5,0.9615384615384616,0.9166666666666666,0.15375,0.6055672268907563,0.17465753424657535,0.4868995633187773,0.3927140255009107,0.0,0.33711139896373055,0.5,0.6666666666666666,0.0,0.3333333333333333,0.0,0.3333333333333333,0.3333333333333333,0.5,0.47684391080617494,0.23687281213535588,0.08986615678776291,0.0,0.46644875985387424,3,1,0,3,3,0,4,0,35,2,2,4,2,3,0,65,66,1,0,3,2,0,3,3,2,5,0,0,1,4,0,5,2,1,0,4,4,2,0,2,1,7,4
0.23529411764705882,0.05564315760414376,0.7777777777777778,0.5,0.9538461538461539,0.9166666666666666,0.0825,0.0,0.4781678082191781,0.34840923268870866,0.23642987249544625,0.7260726072607261,0.6256476683937824,0.0,1.0,0.5,0.6666666666666666,0.0,0.6666666666666666,0.3333333333333333,0.75,0.5926243567753001,0.13185530921820304,0.06118546845124283,0.0,0.5270140357623534,3,1,0,3,3,0,4,0,35,2,2,0,5,1,0,179,178,2,2,3,2,0,3,0,5,5,0,0,1,4,2,5,2,3,0,4,4,2,0,2,1,7,4
0.0,0.04366949124785349,0.4444444444444444,0.5,0.8769230769230769,0.75,0.0,0.0,0.4696061643835616,0.34217092950717404,0.22367941712204006,0.0,0.18685233160621761,0.0,0.3333333333333333,0.5,0.5,0.0,0.3333333333333333,0.0,0.5,0.5763293310463122,0.4574095682613769,0.12237093690248566,0.0,0.21169005960392231,3,1,0,3,3,0,0,0,54,2,2,0,2,1,0,179,178,1,3,3,2,2,3,3,5,5,0,0,1,4,3,5,2,1,2,4,4,2,0,2,1,7,4
0.0,0.03278136244320814,0.4444444444444444,0.625,0.5692307692307692,0.6666666666666666,0.40625,0.6370798319327731,0.03595890410958904,0.40455396132252025,0.29653916211293263,0.0,0.25161917098445596,0.0,0.3333333333333333,0.0,0.5,0.0,0.2222222222222222,0.3333333333333333,0.5,0.42710120068610635,0.0,0.0,0.0,0.22707171697750433,3,1,0,3,3,0,4,0,74,2,2,0,2,3,0,78,72,1,3,3,1,3,3,3,4,5,0,2,1,4,3,5,4,1,0,4,4,2,0,2,1,7,4
0.0,0.029927147328969346,0.4444444444444444,0.75,0.5615384615384615,0.95,0.0,0.38392857142857145,0.13955479452054795,0.3296943231441048,0.20910746812386158,0.0,0.17389896373056996,0.5,0.3333333333333333,0.0,0.5,0.0,0.2222222222222222,0.0,0.25,0.2109777015437393,0.0,0.0994263862332696,0.0,0.1424726014228033,3,1,0,3,3,0,4,0,74,2,2,0,2,1,0,179,178,1,3,1,1,3,3,3,2,5,0,4,1,4,2,5,2,5,2,4,4,2,0,2,1,7,0
0.4117647058823529,0.021121191845367048,0.3333333333333333,0.5,0.5769230769230769,0.08333333333333333,0.0,0.0,0.0,0.0,0.24371584699453552,0.0,0.20466321243523317,0.0,0.6666666666666666,0.0,0.3333333333333333,0.5,0.3333333333333333,0.0,0.0,0.0,0.0,0.0,0.0,0.09055950778696405,3,1,0,3,3,0,4,0,31,2,2,2,2,1,0,6,54,1,3,3,2,3,3,3,2,5,0,4,0,2,1,5,2,1,2,4,4,0,0,2,1,7,1
0.0,0.03337092163073943,0.5555555555555556,0.5,0.6538461538461539,0.25,0.063125,0.33771008403361347,0.19049657534246575,0.3393636930754835,0.3063752276867031,0.0,0.2603626943005181,0.0,0.6666666666666666,0.0,0.5,0.0,0.3333333333333333,0.3333333333333333,0.5,0.37735849056603776,0.0,0.2638623326959847,0.0,0.2405306671793886,3,1,0,3,3,0,4,0,74,2,2,0,2,1,0,78,72,1,3,3,1,3,3,3,4,5,0,0,1,4,3,5,4,1,1,4,4,2,0,1,1,7,0
0.0,0.07195897416701369,0.4444444444444444,0.625,0.6076923076923076,0.15,0.0,0.5078781512605042,0.1639554794520548,0.42108546475358705,0.30783242258652094,0.0,0.2616580310880829,0.0,0.3333333333333333,0.5,0.3333333333333333,0.0,0.2222222222222222,0.6666666666666666,0.25,0.2641509433962264,0.0,0.1988527724665392,0.0,0.2597577388963661,3,1,0,3,3,0,4,0,10,2,2,0,2,1,0,179,178,1,3,1,1,3,3,1,1,5,0,2,1,4,3,5,2,1,1,4,4,1,0,2,1,7,4
0.38235294117647056,0.03581338112194049,0.4444444444444444,0.75,0.7923076923076923,0.55,0.0,0.39233193277310924,0.0,0.26200873362445415,0.14608378870673952,0.0,0.11787564766839378,0.5,0.3333333333333333,0.0,0.3333333333333333,0.0,0.2222222222222222,0.0,0.5,0.4322469982847341,0.28004667444574094,0.0,0.0,0.20976735243222458,3,1,0,0,3,0,1,0,24,2,2,0,6,1,0,71,64,1,3,3,1,2,3,0,0,3,0,2,1,4,2,5,2,1,1,4,2,2,0,2,1,7,4
0.0,0.035906961945358154,0.4444444444444444,0.625,0.7307692307692307,0.5,0.0,0.14705882352941177,0.07148972602739725,0.2925764192139738,0.1657559198542805,0.0,0.13536269430051814,0.5,0.3333333333333333,0.0,0.5,0.0,0.2222222222222222,0.0,0.25,0.2641509433962264,0.1691948658109685,0.0,0.0,0.1833301288213805,3,1,0,0,3,0,1,0,54,2,2,0,2,3,0,179,178,1,3,3,1,2,3,0,3,1,0,4,1,4,3,5,2,5,2,4,4,2,0,2,1,7,4
0.0,0.030034765275899662,0.4444444444444444,0.625,0.6076923076923076,0.15,0.0,0.0940126050420168,0.1990582191780822,0.3587024329382408,0.24298724954462658,0.0,0.20401554404145078,0.5,0.3333333333333333,0.0,0.5,0.0,0.3333333333333333,0.0,0.25,0.25728987993138935,0.0,0.0,0.0,0.20399923091713132,3,1,0,3,3,0,4,0,74,2,2,0,2,1,0,19,72,1,3,3,1,3,3,3,0,1,0,0,1,0,3,5,2,1,1,4,4,2,0,2,1,7,4
0.5882352941176471,0.028691880459856167,0.8888888888888888,0.5,0.9615384615384616,0.9166666666666666,0.2575,0.23949579831932774,0.5547945205479452,0.5464753587024329,0.46229508196721314,0.0,0.39896373056994816,0.5,0.6666666666666666,0.0,0.3333333333333333,0.0,0.3333333333333333,0.3333333333333333,0.5,0.4939965694682676,0.22870478413068845,0.15678776290630975,0.0,0.5479715439338588,3,1,0,3,3,0,4,0,35,2,2,4,2,3,0,65,66,1,0,3,2,0,3,3,2,5,0,0,1,4,0,5,2,1,1,4,4,2,0,2,1,7,4
0.17647058823529413,0.052854449066297333,0.6666666666666666,0.5,0.9461538461538461,0.8833333333333333,0.0,0.7095588235294118,0.03553082191780822,0.4472863381160324,0.3770491803278688,0.3470847084708471,0.5275259067357513,0.5,0.3333333333333333,0.5,0.16666666666666666,0.0,0.3333333333333333,0.3333333333333333,0.5,0.5746140651801029,0.19603267211201866,0.08221797323135756,0.0,0.3937435108632955,3,1,0,0,3,0,1,0,16,2,2,0,0,1,0,179,178,1,2,3,2,0,3,3,2,5,0,0,1,4,2,5,0,1,1,4,4,2,0,2,1,7,0
0.0,0.044778424005352827,0.7777777777777778,0.5,0.9692307692307692,0.9333333333333333,0.0,0.012605042016806723,0.6986301369863014,0.5165315034310668,0.4273224043715847,0.0,0.36787564766839376,0.0,0.6666666666666666,0.0,0.5,0.0,0.4444444444444444,0.0,0.75,0.7084048027444254,0.0,0.27915869980879543,0.0,0.4129975004806768,1,1,0,3,3,0,4,0,26,2,2,0,2,1,0,179,178,1,2,3,2,2,3,0,2,5,0,0,1,4,2,5,2,1,1,4,4,2,0,2,1,7,4
1.0,0.013709590630687959,0.3333333333333333,0.5,0.3076923076923077,0.9666666666666667,0.0,0.0,0.3150684931506849,0.2295695570804741,0.09216757741347906,0.39383938393839385,0.3018134715025907,0.0,0.6666666666666666,0.0,0.3333333333333333,1.0,0.5555555555555556,0.0,0.0,0.0,0.0,0.0,0.18478260869565216,0.15016343010959432,4,1,0,3,3,0,4,0,46,2,2,1,5,1,0,65,66,1,3,3,0,3,3,3,5,5,0,2,1,4,3,5,2,1,2,4,4,0,0,2,1,6,5
0.0,0.02908491991821036,0.4444444444444444,0.75,0.6615384615384615,0.26666666666666666,0.0,0.4007352941176471,0.0821917808219178,0.29787897691827825,0.17194899817850637,0.0,0.1408678756476684,0.5,0.3333333333333333,0.0,0.5,0.0,0.3333333333333333,0.0,0.25,0.33104631217838765,0.0,0.0,0.0,0.1770813305133628,3,1,0,3,3,0,4,0,22,2,2,0,2,1,0,71,64,1,3,3,1,3,3,3,1,5,0,0,1,4,3,5,2,1,2,4,4,2,0,2,1,7,4
0.23529411764705882,0.05775340517221211,0.5555555555555556,0.625,0.9,0.7833333333333333,0.0,0.09558823529411764,0.261986301369863,0.2476606363069245,0.11329690346083789,0.3718371837183718,0.3076424870466321,0.0,0.6666666666666666,0.0,0.5,0.0,0.3333333333333333,0.0,0.5,0.33276157804459694,0.0,0.14340344168260039,0.0,0.2732166890982503,3,1,0,1,3,0,0,0,28,2,2,0,5,1,0,179,178,1,3,3,2,2,3,0,2,5,0,2,1,4,3,5,2,1,0,4,4,2,0,2,1,7,4
0.17647058823529413,0.022057000079543698,0.5555555555555556,0.625,0.4153846153846154,0.0,0.0,0.0,0.3493150684931507,0.2545227698066126,0.12131147540983607,0.0,0.21243523316062177,0.0,0.3333333333333333,0.0,0.5,0.0,0.3333333333333333,0.3333333333333333,0.5,0.4528301886792453,0.1306884480746791,0.0,0.0,0.15304749086714092,4,1,0,3,3,0,4,0,19,2,2,0,0,1,0,78,72,1,3,3,2,3,3,3,5,5,0,4,1,4,3,5,2,5,2,4,4,2,0,2,1,7,4
0.4117647058823529,0.03250061997295514,0.4444444444444444,0.5,0.6384615384615384,0.21666666666666667,0.0,0.0546218487394958,0.0,0.2545227698066126,0.12131147540983607,0.0,0.09585492227979274,0.5,0.3333333333333333,0.0,0.3333333333333333,0.0,0.2222222222222222,0.0,0.5,0.4425385934819897,0.12368728121353559,0.0,0.0,0.14439530859450106,4,0,0,1,0,0,0,1,18,8,2,2,2,1,0,78,72,1,1,3,1,2,3,1,3,2,0,4,0,4,3,5,2,4,2,4,4,2,0,2,1,7,4
0.0,0.22807986187470464,0.8888888888888888,0.5,0.7769230769230769,0.6166666666666667,0.0,0.9506302521008403,0.0136986301369863,0.5745477230193388,0.49508196721311476,0.0,0.42810880829015546,1.0,0.0,0.5,0.0,0.0,0.2222222222222222,0.3333333333333333,0.75,0.7667238421955404,1.0,0.13766730401529637,0.0,0.6731397808113824,3,1,0,0,2,0,4,0,5,2,2,0,2,1,5,11,13,1,2,3,1,0,3,1,2,5,0,2,1,4,2,5,2,1,0,4,4,2,0,2,1,7,4
0.35294117647058826,0.026240062886313337,0.4444444444444444,0.5,0.5769230769230769,0.08333333333333333,0.0,0.20168067226890757,0.0,0.11977542108546475,0.31948998178506377,0.0,0.27202072538860106,0.0,0.3333333333333333,0.0,0.5,0.0,0.3333333333333333,0.3333333333333333,0.5,0.49056603773584906,0.0,0.09560229445506692,0.0,0.18284945202845607,3,1,0,3,0,0,4,1,74,2,2,0,7,1,0,65,66,1,3,3,1,3,3,3,0,5,0,4,1,4,3,2,4,5,2,4,4,2,0,2,1,7,4
0.0,0.04046902708696934,0.5555555555555556,0.5,0.6461538461538462,0.23333333333333334,0.17,0.25735294117647056,0.4002568493150685,0.44447910168434185,0.34316939890710385,0.0,0.2930699481865285,0.0,0.6666666666666666,0.0,0.5,0.0,0.4444444444444444,0.3333333333333333,0.5,0.4939965694682676,0.0,0.0,0.0,0.27994616419919244,3,1,0,0,3,0,4,0,74,2,2,0,2,1,0,71,54,1,3,3,1,3,3,3,1,5,0,2,1,4,3,5,2,1,1,4,4,2,0,2,1,7,4
0.8235294117647058,0.005235847070218371,0.7777777777777778,0.5,0.9153846153846154,0.8333333333333334,0.285,0.34086134453781514,0.13741438356164384,0.3025577043044292,0.18214936247723132,0.4158415841584158,0.3947538860103627,0.5,0.6666666666666666,0.5,0.5,0.0,0.4444444444444444,0.0,0.5,0.411663807890223,0.13418903150525088,0.0,0.0,0.26456450682561045,1,1,1,3,3,0,4,0,26,2,2,3,5,1,0,65,66,1,2,3,2,2,3,3,2,5,0,0,1,4,2,5,2,1,0,4,4,2,0,2,1,7,0
0.23529411764705882,0.047347217608167735,0.6666666666666666,0.5,0.9538461538461539,0.9,0.0,0.0,0.3681506849315068,0.26824703680598877,0.13734061930783242,0.4730473047304731,0.38860103626943004,0.0,0.6666666666666666,0.5,0.5,0.0,0.4444444444444444,0.0,0.5,0.48456260720411665,0.0,0.1338432122370937,0.0,0.3107094789463565,3,1,0,0,3,0,0,0,54,2,2,0,5,1,0,179,178,1,2,3,2,2,3,3,5,5,0,0,1,4,2,5,2,1,1,4,4,2,0,2,1,7,4
0.23529411764705882,0.05687842447325694,1.0,0.5,0.9692307692307692,0.9333333333333333,0.644375,0.0,0.603595890410959,0.4398003742981909,0.34353369763205827,0.8355335533553355,0.7852979274611399,0.0,1.0,0.5,0.5,0.0,0.7777777777777778,0.3333333333333333,0.75,0.5497427101200686,0.22403733955659277,0.0,0.06702898550724638,0.7765429725052875,3,1,0,1,1,0,1,0,8,2,2,0,5,3,0,179,178,1,0,3,2,0,3,1,5,5,0,0,1,4,2,5,2,3,0,4,4,2,0,2,1,6,5
0.0,0.026548879603591632,0.4444444444444444,0.75,0.7076923076923077,0.36666666666666664,0.0,0.3319327731092437,0.06335616438356165,0.24329382407985028,0.10819672131147541,0.0,0.08419689119170984,0.0,0.3333333333333333,0.0,0.3333333333333333,0.0,0.1111111111111111,0.0,0.25,0.3018867924528302,0.22870478413068845,0.0,0.0,0.17304364545279755,3,1,0,3,0,0,4,0,54,2,2,0,2,1,0,71,64,1,3,3,1,3,3,0,0,5,0,0,1,4,3,5,2,5,2,4,4,2,0,2,1,7,4
0.0,0.05402420935901815,0.5555555555555556,0.5,0.9538461538461539,0.9,0.0,0.4942226890756303,0.09289383561643835,0.36119775421085465,0.2459016393442623,0.0,0.20660621761658032,0.5,0.3333333333333333,0.5,0.5,0.0,0.2222222222222222,0.0,0.5,0.4939965694682676,0.0,0.09560229445506692,0.0,0.23668525283599307,3,1,0,3,3,0,4,0,24,5,2,0,2,1,0,179,178,1,3,3,2,2,3,3,0,5,0,0,1,4,2,5,2,5,2,4,4,2,0,2,1,6,5
0.3235294117647059,0.026548879603591632,0.4444444444444444,0.75,0.3076923076923077,0.7666666666666667,0.0,0.0,0.2268835616438356,0.1653150343106675,0.03570127504553734,0.2915291529152915,0.19138601036269431,0.0,0.3333333333333333,0.0,0.5,0.0,0.3333333333333333,0.0,0.25,0.2469982847341338,0.0,0.0,0.2608695652173913,0.1270909440492213,4,1,0,3,3,0,4,0,18,2,2,0,4,1,0,65,66,1,3,3,0,3,0,3,5,5,0,4,0,4,1,5,2,5,2,4,4,0,0,2,1,7,4
0.5882352941176471,0.023002166396062118,0.7777777777777778,0.5,0.9692307692307692,0.9333333333333333,0.11125,0.012605042016806723,0.5761986301369864,0.42732376793512167,0.32313296903460836,0.0,0.27525906735751293,0.0,0.6666666666666666,0.0,0.3333333333333333,0.0,0.3333333333333333,0.3333333333333333,0.5,0.41509433962264153,0.14002333722287047,0.09369024856596558,0.0,0.322245721976543,3,1,0,0,3,0,4,0,35,2,2,4,2,1,0,179,178,2,2,3,2,2,1,2,2,5,0,0,1,4,2,5,2,1,1,4,4,2,0,2,1,7,4
0.29411764705882354,0.041053907233329745,0.6666666666666666,0.625,0.3153846153846154,0.0,0.0,0.0,0.2465753424657534,0.17966313162819714,0.15264116575591985,0.4444444444444444,0.3853626943005181,0.0,0.6666666666666666,0.0,0.5,0.0,0.6666666666666666,0.0,0.5,0.411663807890223,0.014002333722287048,0.021032504780114723,0.11594202898550725,0.20207652374543358,4,1,0,0,0,0,4,0,46,6,1,0,5,1,0,11,12,1,3,3,0,3,3,3,5,5,0,2,1,4,3,5,2,5,2,4,4,2,0,0,1,7,4
0.23529411764705882,0.036725794150262725,0.6666666666666666,0.5,0.9,0.8,0.358125,0.38813025210084034,0.13613013698630136,0.3296943231441048,0.20910746812386158,0.5374037403740374,0.49028497409326427,0.5,0.6666666666666666,0.5,0.5,0.0,0.5555555555555556,0.0,0.5,0.5531732418524872,0.6721120186697783,0.06883365200764818,0.0,0.3549317438954047,3,1,0,3,3,0,4,0,54,2,2,0,5,1,0,179,178,1,3,3,2,2,3,3,2,5,0,0,1,4,2,5,2,1,1,4,4,2,0,0,1,7,4
0.23529411764705882,0.037736467043173516,0.7777777777777778,0.5,0.9538461538461539,0.9166666666666666,0.215,0.0,0.4892979452054795,0.35651902682470366,0.24043715846994534,0.7315731573157316,0.6324481865284974,0.0,0.6666666666666666,0.5,0.6666666666666666,0.0,0.6666666666666666,0.3333333333333333,0.75,0.7307032590051458,0.22403733955659277,0.2887189292543021,0.0,0.5423956931359354,3,1,0,3,3,0,4,0,35,2,2,0,5,1,0,179,178,1,2,3,2,0,3,0,5,5,0,0,1,4,2,5,2,3,1,4,4,2,0,2,1,7,4
0.0,0.08597270247380907,0.6666666666666666,0.5,0.6923076923076923,0.65,0.179375,0.4789915966386555,0.4430650684931507,0.6072988147223956,0.6280510018214936,0.0,0.5463082901554405,0.5,0.6666666666666666,0.0,0.5,0.0,0.4444444444444444,0.3333333333333333,0.5,0.4939965694682676,0.35122520420070014,0.0,0.0,0.27898481061334357,3,1,0,3,3,0,4,0,74,3,2,0,2,1,0,39,54,1,3,3,1,2,3,1,2,5,0,4,1,4,3,2,2,1,1,4,4,2,0,2,1,7,4
0.0,0.04276175726070214,0.6666666666666666,0.5,0.9461538461538461,0.8833333333333333,0.104375,0.5320378151260504,0.18835616438356165,0.45321272613849034,0.3628415300546448,0.0,0.31055699481865284,0.5,0.6666666666666666,0.0,0.5,0.0,0.4444444444444444,0.0,0.5,0.47855917667238423,0.16802800466744458,0.055449330783938815,0.0,0.3674293405114401,3,1,0,0,3,0,4,0,54,2,2,0,2,1,0,179,178,1,2,3,2,2,3,0,2,5,0,0,1,4,2,5,2,1,1,4,4,2,0,2,1,7,4
0.058823529411764705,0.014420804888662216,0.3333333333333333,0.625,0.5,0.0,0.0,0.0,0.319777397260274,0.23300062383031817,0.09617486338797815,0.0,0.07351036269430052,0.0,0.3333333333333333,0.0,0.3333333333333333,0.0,0.1111111111111111,0.0,0.25,0.18867924528301888,0.0,0.0,0.0,0.08671409344356855,4,1,0,3,3,0,0,0,46,0,2,0,2,1,0,65,66,1,3,1,1,3,3,3,5,5,0,4,1,4,3,5,2,1,2,4,4,2,0,2,1,7,4
0.17647058823529413,0.06582007215081485,0.6666666666666666,0.375,0.5615384615384615,0.05,0.0,0.3167016806722689,0.3000856164383562,0.4067373674360574,0.29908925318761387,0.5407040704070407,0.5722150259067358,0.0,0.6666666666666666,0.0,0.5,0.0,0.4444444444444444,0.3333333333333333,0.5,0.5720411663807891,0.0,0.040152963671128104,0.20652173913043478,0.36550663333974237,3,1,0,3,3,0,0,0,14,2,2,0,0,1,0,19,6,1,2,3,1,3,3,3,1,5,1,4,1,4,3,5,4,1,0,4,4,2,0,2,1,7,4
0.0,0.056733374196959556,0.6666666666666666,0.625,0.7153846153846154,0.38333333333333336,0.696875,0.9873949579831933,0.1468321917808219,0.6933873986275733,0.6338797814207651,0.0,0.5514896373056994,0.5,0.6666666666666666,0.0,0.5,0.0,0.5555555555555556,0.6666666666666666,0.5,0.4425385934819897,0.3500583430571762,0.0,0.0,0.4020380696019996,3,1,0,0,3,0,4,0,74,2,2,0,2,1,0,39,54,1,3,1,1,2,3,1,0,5,0,0,1,4,3,5,2,1,0,4,4,2,0,2,1,7,4
0.0,0.028415817030774053,0.3333333333333333,0.625,0.7846153846153846,0.9333333333333333,0.0,0.2967436974789916,0.11986301369863013,0.26356830941983783,0.13187613843351548,0.0,0.1052461139896373,0.5,0.3333333333333333,0.0,0.3333333333333333,0.0,0.1111111111111111,0.0,0.5,0.30874785591766724,0.0,0.0,0.0,0.1818880984426072,3,1,0,3,3,0,0,0,16,2,2,0,2,1,0,71,54,1,3,3,1,3,3,3,0,5,0,4,1,4,3,5,2,5,2,4,4,2,0,2,1,7,4
0.23529411764705882,0.040309939687159305,0.6666666666666666,0.5,0.9076923076923077,0.8,0.025,0.0,0.3561643835616438,0.2595134123518403,0.146448087431694,0.4581958195819582,0.38795336787564766,0.0,0.6666666666666666,0.5,0.5,0.0,0.4444444444444444,0.3333333333333333,0.5,0.36620926243567753,0.0,0.17973231357552583,0.0,0.28859834647183236,3,1,0,0,3,0,0,0,28,2,2,0,5,1,0,179,178,1,3,3,2,2,3,3,5,5,0,2,1,4,3,5,4,1,0,4,4,2,0,2,1,7,4
0.0,0.04058600311624142,0.4444444444444444,0.75,0.5692307692307692,0.8833333333333333,0.065,0.16806722689075632,0.17294520547945205,0.33873986275733,0.21967213114754097,0.0,0.18329015544041452,0.5,0.3333333333333333,0.0,0.5,0.0,0.3333333333333333,0.0,0.5,0.4202401372212693,0.0,0.0,0.0,0.21149778888675255,3,1,0,3,3,0,4,0,74,2,2,0,2,1,0,78,72,1,3,3,1,3,3,3,0,1,0,2,1,4,3,5,2,1,2,4,4,2,0,1,1,7,4
0.17647058823529413,0.019951431552646233,0.2222222222222222,0.625,0.2692307692307692,0.0,0.0,0.0,0.3595890410958904,0.26200873362445415,0.13005464480874318,0.4207920792079208,0.35136010362694303,0.0,0.6666666666666666,0.0,0.5,0.5,0.5555555555555556,0.0,0.25,0.32504288164665524,0.0,0.0,0.36594202898550726,0.1393962699480869,4,1,0,3,3,0,0,0,46,2,2,0,5,2,0,179,178,1,2,1,1,1,3,3,5,5,0,2,0,4,3,5,2,5,2,4,4,2,0,2,1,7,4
0.9411764705882353,0.0003275328819618284,0.3333333333333333,0.5,0.7153846153846154,0.38333333333333336,0.0,0.2426470588235294,0.0,0.14410480349344978,0.015664845173041893,0.25412541254125415,0.15155440414507773,0.5,0.3333333333333333,0.0,0.3333333333333333,0.0,0.2222222222222222,0.0,0.25,0.25471698113207547,0.14002333722287047,0.1931166347992352,0.0,0.1078638723322438,4,1,0,3,3,0,4,0,7,2,2,3,7,1,0,20,20,1,3,3,1,2,3,1,2,5,0,4,1,4,3,5,2,3,2,4,4,2,0,1,1,7,4
0.0,0.032514657096467794,0.3333333333333333,0.75,0.5846153846153846,0.1,0.0,0.11974789915966387,0.3099315068493151,0.29694323144104806,0.17085610200364298,0.0,0.13989637305699482,0.0,0.3333333333333333,0.0,0.3333333333333333,0.0,0.1111111111111111,0.0,0.25,0.24271012006861065,0.0,0.0,0.0,0.19390501826571813,3,1,0,0,3,0,4,0,74,2,2,0,2,1,0,179,178,1,3,3,1,3,3,3,0,5,0,0,1,0,3,5,2,5,2,4,4,2,0,2,1,7,4
0.17647058823529413,0.033263303683809115,0.4444444444444444,0.5,0.5230769230769231,0.85,0.0,0.17647058823529413,0.12628424657534246,0.2096069868995633,0.2145719489981785,0.11716171617161716,0.24773316062176165,0.5,0.3333333333333333,0.0,0.3333333333333333,0.0,0.3333333333333333,0.0,0.25,0.2058319039451115,0.0,0.0,0.0,0.1770813305133628,4,1,0,3,3,0,4,0,19,2,2,0,0,1,0,78,72,1,3,3,1,3,3,3,1,2,0,4,1,4,3,2,2,5,2,4,4,2,0,2,1,7,4
0.4117647058823529,0.043290488913011946,0.3333333333333333,0.5,0.676923076923077,0.3,0.0,0.0,0.7568493150684932,0.5514660012476607,0.4681238615664845,0.0,0.40414507772020725,0.0,0.6666666666666666,0.0,0.6666666666666666,0.5,0.5555555555555556,0.0,0.0,0.0,0.0,0.0,0.0,0.19534704864449146,3,1,0,3,3,0,4,0,22,2,2,2,2,3,0,71,64,1,3,3,1,3,3,3,5,5,0,4,0,4,3,5,2,1,2,4,4,2,0,2,1,7,4
0.17647058823529413,0.0417089729972534,0.4444444444444444,0.625,0.23076923076923078,0.5166666666666667,0.0,0.0,0.18835616438356165,0.1372426699937617,0.07249544626593807,0.30143014301430143,0.22992227979274613,0.0,0.3333333333333333,0.5,0.3333333333333333,0.0,0.2222222222222222,0.0,0.5,0.37735849056603776,0.08634772462077013,0.0,0.2318840579710145,0.14439530859450106,4,1,0,3,3,0,0,0,46,2,2,0,5,1,0,78,72,1,3,3,2,3,3,3,5,5,0,2,1,4,3,5,2,5,2,4,4,2,0,2,1,7,4
0.23529411764705882,0.05368731839471456,0.5555555555555556,0.625,0.676923076923077,0.3,0.36,0.23529411764705882,0.1917808219178082,0.2794759825327511,0.2546448087431694,0.528052805280528,0.5252590673575129,0.0,0.6666666666666666,0.5,0.6666666666666666,0.0,0.5555555555555556,0.3333333333333333,0.25,0.4365351629502573,0.0,0.13766730401529637,0.0,0.3049413574312632,3,1,0,3,3,0,0,0,74,2,2,0,5,1,0,179,178,1,3,1,1,2,3,3,4,5,0,4,1,4,2,5,2,1,0,4,4,2,0,2,1,7,4
0.5882352941176471,0.013915468442206824,0.5555555555555556,0.5,0.9076923076923077,0.8,0.276875,0.6307773109243697,0.015410958904109588,0.3858390517779164,0.3111111111111111,0.0,0.2645725388601036,0.5,0.6666666666666666,0.0,0.3333333333333333,0.0,0.2222222222222222,0.0,0.5,0.34734133790737565,0.0,0.38049713193116635,0.0,0.2280330705633532,4,1,0,3,3,0,2,0,16,2,2,4,2,3,0,179,178,1,3,1,2,0,1,3,2,5,0,0,1,4,3,5,2,1,0,4,4,2,0,2,1,7,4
0.0,0.04061407736326672,0.7777777777777778,0.5,0.9769230769230769,0.95,0.2925,0.017331932773109245,0.6549657534246576,0.48752339363693076,0.39344262295081966,0.0,0.33775906735751293,0.0,0.6666666666666666,0.0,0.5,0.0,0.3333333333333333,0.3333333333333333,0.75,0.6500857632933105,0.16802800466744458,0.18929254302103252,0.0,0.40396077677369735,3,1,0,3,3,0,4,0,26,2,2,0,2,1,0,179,178,2,3,3,2,2,3,3,2,5,0,0,1,4,2,5,2,1,1,4,4,2,0,2,1,7,4
0.0,0.03446581726472611,0.4444444444444444,0.5,0.6153846153846154,0.16666666666666666,0.04125,0.0,0.4559075342465753,0.33218964441671867,0.21202185792349726,0.0,0.17648963730569947,0.0,0.3333333333333333,0.5,0.5,0.0,0.3333333333333333,0.0,0.5,0.395368782161235,0.08634772462077013,0.0,0.0,0.17611997692751394,3,1,0,0,3,0,4,0,74,2,2,0,2,1,0,65,66,0,3,3,1,3,3,3,5,5,0,2,1,4,3,5,2,5,2,4,4,2,0,2,1,0,4
0.35294117647058826,0.03277200436086637,0.6666666666666666,0.5,0.8846153846153846,0.7666666666666667,0.01375,0.0,0.1643835616438356,0.11977542108546475,0.11693989071038251,0.36853685368536854,0.3089378238341969,0.0,0.6666666666666666,0.5,0.5,0.0,0.4444444444444444,0.3333333333333333,0.5,0.34305317324185247,0.14002333722287047,0.13766730401529637,0.0,0.25687367813881945,3,1,0,0,3,0,4,0,28,2,2,0,7,1,0,71,64,1,3,3,2,2,3,3,5,5,0,2,1,4,3,5,4,3,0,4,4,2,0,2,1,7,4
0.23529411764705882,0.06800050533644646,0.7777777777777778,0.5,0.8538461538461538,0.7,0.1775,0.0,0.5513698630136986,0.4017467248908297,0.29799635701275046,0.6138613861386139,0.6143134715025906,0.0,0.6666666666666666,0.5,0.6666666666666666,0.0,0.6666666666666666,0.3333333333333333,0.5,0.39622641509433965,0.14819136522753792,0.15678776290630975,0.0,0.4328013843491636,3,1,0,3,3,0,0,0,10,2,2,0,5,3,0,71,64,1,2,3,1,2,3,3,5,5,0,0,1,4,2,5,4,1,2,4,4,2,0,2,1,7,4
0.23529411764705882,0.048591842559622685,0.5555555555555556,0.5,0.9615384615384616,0.9166666666666666,0.0,0.0,0.2928082191780822,0.2133499688084841,0.073224043715847,0.48184818481848185,0.33678756476683935,0.0,0.6666666666666666,0.5,0.5,0.0,0.3333333333333333,0.3333333333333333,0.5,0.34305317324185247,0.11668611435239207,0.07265774378585087,0.0,0.2674485675831571,3,1,0,1,3,0,4,0,28,2,2,0,5,1,0,179,178,1,2,3,2,2,3,0,5,5,0,0,1,4,2,5,2,3,0,4,4,2,0,2,1,7,4
0.8235294117647058,0.011346674839391911,0.5555555555555556,0.5,0.9923076923076923,0.9833333333333333,0.0475,0.0,0.261986301369863,0.19089207735495944,0.046994535519125684,0.33663366336633666,0.22797927461139897,0.0,0.6666666666666666,0.5,0.3333333333333333,0.0,0.1111111111111111,0.0,0.5,0.4528301886792453,0.0,0.4474187380497132,0.0,0.24918284945202845,1,1,1,3,3,0,0,0,26,2,2,4,5,1,0,179,178,2,2,3,2,2,3,0,5,5,0,0,1,4,2,5,2,5,1,4,4,2,0,2,1,6,5
0.17647058823529413,0.032491261890613375,0.2222222222222222,0.125,0.2692307692307692,0.5333333333333333,0.0,0.0,0.4336472602739726,0.3159700561447286,0.1930783242258652,0.0,0.32577720207253885,0.0,0.3333333333333333,0.0,0.3333333333333333,0.0,0.3333333333333333,0.0,0.0,0.0,0.0,0.0,0.2826086956521739,0.0963276293020573,0,1,0,0,3,0,0,0,18,1,1,0,0,3,0,39,54,1,1,0,1,3,0,3,5,5,0,4,0,4,1,5,2,1,2,4,4,0,0,2,1,3,0
0.0,0.03061964542226007,0.3333333333333333,0.5,0.8769230769230769,0.75,0.0,0.3088235294117647,0.1720890410958904,0.3087960074859638,0.18469945355191256,0.0,0.15220207253886012,0.5,0.3333333333333333,0.0,0.5,0.0,0.2222222222222222,0.0,0.0,0.0,0.0,0.0,0.0,0.17054412612959047,3,1,0,3,3,0,4,0,54,2,2,0,2,1,0,179,178,1,3,3,2,2,3,3,2,5,0,0,1,4,3,5,2,1,2,4,4,2,0,2,1,7,4
0.0,0.026548879603591632,0.3333333333333333,0.5,0.5384615384615384,0.0,0.0,0.0,0.0,0.0,0.2029143897996357,0.0,0.16839378238341968,0.0,0.3333333333333333,0.0,0.3333333333333333,0.0,0.1111111111111111,0.0,0.5,0.3602058319039451,0.0,0.055449330783938815,0.0,0.14420303787733127,3,1,0,3,3,0,4,0,74,2,2,0,2,1,0,19,72,1,3,3,3,3,3,3,2,5,0,4,1,0,3,5,2,5,2,4,4,2,0,2,1,7,4
0.0,0.03263163312573987,0.4444444444444444,0.25,0.6230769230769231,0.18333333333333332,0.126875,0.31512605042016806,0.2718321917808219,0.38521522145976295,0.2739526411657559,0.0,0.23154145077720206,0.0,0.3333333333333333,0.0,0.3333333333333333,0.0,0.3333333333333333,0.0,0.5,0.411663807890223,0.0,0.0,0.0,0.1224764468371467,3,1,0,3,3,0,4,0,74,2,2,0,2,3,0,71,64,0,3,3,1,3,3,3,4,5,0,4,1,4,3,5,2,1,2,4,4,2,0,1,1,7,0
0.058823529411764705,0.05537177321623253,0.4444444444444444,0.75,0.3153846153846154,0.9333333333333333,0.0,0.3744747899159664,0.06977739726027397,0.27323767935121646,0.17522768670309655,0.0,0.14378238341968913,0.5,0.3333333333333333,0.0,0.3333333333333333,0.0,0.2222222222222222,0.0,0.5,0.3704974271012007,0.0,0.0,0.07971014492753623,0.24726014228033072,3,1,0,0,1,0,4,0,14,2,2,0,2,1,0,78,72,1,3,1,0,2,3,3,0,5,0,0,1,4,3,5,2,5,2,4,4,2,0,2,1,7,4
1.0,0.026548879603591632,0.5555555555555556,0.625,0.23076923076923078,0.8,0.0,0.5493697478991597,0.07191780821917808,0.3786650031191516,0.2830601092896175,0.5671067106710671,0.5735103626943006,0.0,0.6666666666666666,0.0,0.6666666666666666,0.5,0.6666666666666666,0.3333333333333333,0.5,0.4339622641509434,0.0,0.0,0.0,0.1903480099980773,0,1,0,3,3,0,0,0,46,2,2,1,4,3,0,65,66,1,3,3,0,3,0,2,4,5,1,0,0,4,3,5,2,5,2,4,4,2,0,2,1,7,4
0.23529411764705882,0.036547990585769165,0.5555555555555556,0.5,0.9,0.7833333333333333,0.0,0.3403361344537815,0.07534246575342465,0.25701809107922646,0.15373406193078323,0.4845984598459846,0.4099740932642487,0.5,0.6666666666666666,0.5,0.5,0.0,0.4444444444444444,0.0,0.5,0.5866209262435678,0.0,0.30975143403441685,0.0,0.32657181311286293,3,1,0,0,3,0,4,0,54,2,2,0,5,1,0,179,178,1,3,1,2,2,3,3,2,5,0,0,1,4,2,5,2,1,1,4,4,2,0,2,1,7,4
0.23529411764705882,0.0385506202069072,0.5555555555555556,0.875,0.8692307692307693,0.7166666666666667,0.0425,0.16281512605042017,0.1583904109589041,0.21210230817217718,0.07176684881602914,0.43454345434543457,0.3076424870466321,0.0,0.6666666666666666,0.5,0.5,0.0,0.3333333333333333,0.3333333333333333,0.5,0.3602058319039451,0.2707117852975496,0.12045889101338432,0.0,0.28859834647183236,3,1,0,1,3,0,0,0,28,2,2,0,5,1,0,179,178,1,0,1,2,2,1,3,0,5,0,2,1,4,3,5,4,3,0,4,4,2,0,2,1,7,4
0.0,0.04088546175117795,0.6666666666666666,0.5,0.9153846153846154,0.8166666666666667,0.114375,0.6102941176470589,0.18236301369863014,0.495321272613849,0.40255009107468126,0.0,0.34585492227979275,0.0,0.6666666666666666,0.0,0.5,0.0,0.3333333333333333,0.0,0.5,0.40480274442538594,0.18436406067677946,0.055449330783938815,0.0,0.3443568544510671,3,1,0,0,3,0,4,0,54,2,2,0,2,1,0,179,178,1,2,3,2,2,3,0,0,5,0,0,1,4,2,5,2,1,1,4,4,2,0,2,1,7,4
0.0,0.043959591800448256,0.3333333333333333,0.5,0.6538461538461539,0.25,0.03,0.27310924369747897,0.18835616438356165,0.2994385527136619,0.1737704918032787,0.0,0.14248704663212436,0.5,0.3333333333333333,0.0,0.5,0.0,0.3333333333333333,0.0,0.25,0.3704974271012007,0.14002333722287047,0.0,0.0,0.11507402422611036,3,1,0,3,1,0,4,0,31,2,2,0,2,3,0,71,64,1,3,3,1,3,3,3,4,5,0,4,1,1,3,5,2,1,0,4,4,1,0,2,1,7,4
0.058823529411764705,0.042574595613866804,0.4444444444444444,0.5,0.3076923076923077,0.0,0.0,0.05672268907563025,0.14982876712328766,0.14285714285714285,0.12823315118397086,0.0,0.10200777202072539,0.0,0.3333333333333333,0.0,0.3333333333333333,0.0,0.2222222222222222,0.0,0.25,0.313893653516295,0.0,0.0,0.13949275362318841,0.0924822149586618,3,1,0,3,3,0,0,0,31,2,2,0,2,1,0,78,72,1,3,3,0,3,3,3,0,5,0,1,0,4,3,5,2,2,2,1,4,2,0,2,1,0,0
0.0,0.03646844688586415,0.3333333333333333,0.5,0.6076923076923076,0.15,0.0,0.29884453781512604,0.16309931506849315,0.29631940112289457,0.2703096539162113,0.0,0.22830310880829016,0.5,0.3333333333333333,0.5,0.5,0.0,0.3333333333333333,0.0,0.0,0.0,0.41073512252042005,0.0,0.0,0.18083060949817342,3,1,0,0,3,0,4,0,74,2,2,0,2,1,0,39,54,1,3,3,1,3,3,3,0,5,0,1,1,4,3,5,2,1,2,4,4,2,0,2,1,7,4
0.0,0.042471656708107375,0.5555555555555556,0.75,0.7461538461538462,0.85,0.0175,0.6302521008403361,0.175513698630137,0.5021834061135371,0.41056466302367944,0.0,0.35297927461139894,0.5,0.6666666666666666,0.0,0.5,0.0,0.3333333333333333,0.6666666666666666,0.5,0.411663807890223,0.19603267211201866,0.13001912045889102,0.0,0.32705248990578734,3,1,0,0,3,0,4,0,19,2,2,0,2,1,0,39,54,1,3,3,2,3,3,2,0,5,0,2,1,4,2,5,4,1,1,4,4,2,0,2,1,7,4
0.23529411764705882,0.03593503619238346,0.5555555555555556,0.5,0.8076923076923077,0.5833333333333334,0.21,0.0,0.317208904109589,0.23112913287585776,0.17996357012750455,0.4152915291529153,0.39248704663212436,0.0,0.6666666666666666,0.5,0.5,0.0,0.4444444444444444,0.3333333333333333,0.5,0.40823327615780447,0.22403733955659277,0.08795411089866156,0.0,0.2751393962699481,3,1,0,3,3,0,4,0,24,2,2,0,5,1,0,71,64,1,2,3,1,2,3,3,5,5,0,4,1,4,2,5,4,1,0,4,4,2,0,2,1,7,4
0.4117647058823529,0.02569729411049088,0.4444444444444444,0.5,0.7615384615384615,0.48333333333333334,0.0,0.0,0.0,0.0,0.3832422586520947,0.0,0.3286917098445596,0.0,0.6666666666666666,0.0,0.6666666666666666,0.5,0.5555555555555556,0.0,0.5,0.3516295025728988,0.0,0.0,0.0,0.1616304556815997,3,1,0,3,0,0,4,0,24,2,2,2,2,1,0,71,64,1,3,0,3,3,3,3,2,5,0,4,1,4,3,5,2,1,2,4,4,2,0,2,1,7,2
0.0,0.04153116943275984,0.6666666666666666,0.5,0.9923076923076923,0.9833333333333333,0.0,0.0,0.5248287671232876,0.3824079850280724,0.2706739526411658,0.0,0.22862694300518135,0.0,0.6666666666666666,0.0,0.5,0.0,0.3333333333333333,0.0,0.75,0.6346483704974271,0.0,0.06883365200764818,0.0,0.31532397615843105,3,1,0,0,3,0,0,0,54,2,2,0,2,1,0,179,178,1,3,3,2,2,3,3,5,5,0,0,1,4,2,5,2,1,1,4,4,2,0,2,1,7,4
0.17647058823529413,0.029159784576944493,0.6666666666666666,0.375,0.3923076923076923,0.0,0.375,0.11764705882352941,0.3493150684931507,0.32439176543980036,0.2706739526411658,0.3256325632563256,0.42033678756476683,0.0,0.3333333333333333,0.5,0.6666666666666666,0.0,0.4444444444444444,0.6666666666666666,0.25,0.2058319039451115,0.0,0.0,0.0,0.2587963853105172,4,1,0,3,3,0,0,0,18,2,2,0,0,1,0,11,12,1,3,0,2,3,3,3,3,5,0,0,1,1,3,5,4,5,2,4,4,2,0,2,1,7,4
0.23529411764705882,0.036725794150262725,0.7777777777777778,0.5,0.9461538461538461,0.9,0.48,0.0,0.4507705479452055,0.32844666250779786,0.20765027322404372,0.5165016501650165,0.47668393782383417,0.0,0.6666666666666666,0.5,0.5,0.0,0.6666666666666666,0.3333333333333333,0.5,0.5557461406518011,0.1633605600933489,0.08604206500956023,0.0,0.41357431263218614,1,1,0,3,3,0,4,0,26,2,2,0,5,3,0,179,178,1,2,3,2,0,3,3,5,5,0,0,1,4,2,5,2,1,1,4,4,2,0,2,1,7,4
0.058823529411764705,0.043393427818771375,0.3333333333333333,0.75,0.038461538461538464,0.75,0.0,0.0,0.2744006849315068,0.19993761696818466,0.20546448087431693,0.0,0.17066062176165803,0.0,0.3333333333333333,0.0,0.3333333333333333,0.0,0.3333333333333333,0.0,0.25,0.23413379073756432,0.0,0.0,0.0,0.12516823687752354,4,1,0,3,3,0,4,0,46,2,2,0,2,4,0,179,178,1,3,3,0,1,3,3,5,5,0,2,1,4,3,5,2,5,2,1,1,0,0,2,1,7,4
0.0,0.020934030198531718,0.4444444444444444,0.5,0.5230769230769231,0.0,0.0,0.0546218487394958,0.2208904109589041,0.24610106051154085,0.11147540983606558,0.0,0.08711139896373057,0.0,0.3333333333333333,0.0,0.3333333333333333,0.0,0.2222222222222222,0.0,0.25,0.2144082332761578,0.0,0.0,0.0,0.15400884445298982,4,1,0,3,3,0,4,0,46,2,2,0,2,1,0,179,178,1,3,3,1,3,3,3,0,1,0,0,1,4,3,5,2,5,2,4,4,2,0,2,1,7,5
0.17647058823529413,0.03263163312573987,0.4444444444444444,0.75,0.3,0.9166666666666666,0.0,0.0,0.3394691780821918,0.24734872114784778,0.1872495446265938,0.28602860286028603,0.3228626943005181,0.0,0.6666666666666666,0.0,0.5,0.0,0.4444444444444444,0.0,0.0,0.0,0.0,0.0,0.2608695652173913,0.15400884445298982,4,1,0,3,3,0,0,0,18,0,2,0,0,1,0,20,20,1,3,3,1,3,3,3,5,5,1,4,0,1,1,5,2,1,2,4,4,0,0,2,1,7,4
0.0,0.04784319597228136,0.5555555555555556,0.625,0.7461538461538462,0.45,0.3,0.3702731092436975,0.4875856164383562,0.5751715533374921,0.4958105646630237,0.0,0.42875647668393785,0.0,0.6666666666666666,0.0,0.5,0.0,0.4444444444444444,0.3333333333333333,0.5,0.46826758147512865,0.0,0.2332695984703633,0.0,0.2982118823303211,3,1,0,0,3,0,4,0,19,2,2,0,2,3,0,39,54,1,3,3,1,2,3,3,1,5,0,0,1,4,3,5,4,1,1,4,4,2,0,2,1,0,4
0.17647058823529413,0.03742765032589522,0.5555555555555556,0.375,0.5692307692307692,0.36666666666666664,0.0,0.23319327731092437,0.23544520547945205,0.31004366812227074,0.26703096539162113,0.35148514851485146,0.4323186528497409,0.0,0.6666666666666666,0.0,0.6666666666666666,0.0,0.4444444444444444,0.0,0.25,0.2787307032590051,0.21236872812135357,0.0,0.0,0.19611613151317053,3,1,0,3,3,0,4,0,31,2,2,0,0,1,0,78,72,1,3,3,1,3,0,3,4,5,0,2,1,4,3,5,2,1,2,4,4,2,0,2,1,7,4
0.35294117647058826,0.029122352247577428,0.6666666666666666,0.5,0.9230769230769231,0.8333333333333334,0.0,0.13130252100840337,0.05736301369863014,0.11977542108546475,0.10601092896174863,0.36083608360836084,0.29468911917098445,0.0,0.6666666666666666,0.5,0.5,0.0,0.4444444444444444,0.3333333333333333,0.5,0.34305317324185247,0.2100350058343057,0.0,0.0,0.27898481061334357,3,1,0,0,3,0,4,0,28,2,2,0,7,1,0,179,178,1,3,3,2,2,3,3,2,5,0,0,1,4,3,5,4,3,0,4,4,2,0,2,1,7,4
0.23529411764705882,0.039486428441083854,0.6666666666666666,0.5,0.9769230769230769,0.95,0.1375,0.5168067226890757,0.11986301369863013,0.39426076107298813,0.2910746812386157,0.7777777777777778,0.7046632124352331,0.5,0.6666666666666666,0.5,0.6666666666666666,0.0,0.7777777777777778,0.3333333333333333,0.75,0.6792452830188679,0.14002333722287047,0.35181644359464626,0.0,0.6711593924245337,3,1,0,3,3,0,4,0,54,2,2,0,5,1,0,179,178,2,2,3,2,0,3,0,2,5,0,0,1,4,0,5,2,3,0,4,4,2,0,2,1,6,5
0.0,0.09111964776178065,0.5555555555555556,0.5,0.5615384615384615,0.05,0.115,0.01838235294117647,0.3874143835616438,0.5642545227698066,0.6469945355191257,0.0,0.5631476683937824,0.5,0.6666666666666666,0.0,0.5,0.0,0.4444444444444444,0.6666666666666666,0.5,0.38593481989708406,0.19369894982497082,0.2294455066921606,0.34782608695652173,0.3501249759661604,3,1,0,3,0,0,0,0,14,2,2,0,2,3,0,78,72,1,3,1,1,2,3,2,0,4,0,4,1,4,2,5,2,2,2,4,4,2,0,2,1,0,0
0.29411764705882354,0.026824943032673746,0.5555555555555556,0.875,0.5,0.8666666666666667,0.0,0.4065126050420168,0.04452054794520548,0.3206487835308796,0.3471766848816029,0.48624862486248627,0.582901554404145,0.5,0.6666666666666666,0.5,0.5,0.0,0.6666666666666666,0.3333333333333333,0.25,0.15437392795883362,0.2613768961493582,0.0,0.0,0.43184003076331473,3,1,0,0,3,0,4,1,14,2,2,0,5,2,0,78,72,1,3,3,1,3,3,3,0,3,0,0,1,4,2,5,4,5,2,4,4,2,0,2,1,7,4
0.8235294117647058,0.007973086155185079,0.5555555555555556,0.5,0.9153846153846154,0.8166666666666667,0.705625,0.22006302521008403,0.1327054794520548,0.22738615096693698,0.08961748633879782,0.400990099009901,0.30375647668393785,0.0,0.6666666666666666,0.5,0.3333333333333333,0.0,0.2222222222222222,0.3333333333333333,0.5,0.37735849056603776,0.0,0.06118546845124283,0.0,0.2712939819265526,1,1,1,3,3,0,0,0,26,2,2,4,5,1,0,65,66,1,3,3,2,2,3,3,2,5,0,2,1,4,3,5,1,5,2,4,4,2,0,2,1,7,4
0.0,0.04721152541421212,0.4444444444444444,0.5,0.6307692307692307,0.2,0.0725,0.08928571428571429,0.10787671232876712,0.3406113537117904,0.22185792349726777,0.0,0.18523316062176165,0.0,0.3333333333333333,0.0,0.5,0.0,0.3333333333333333,0.3333333333333333,0.25,0.2469982847341338,0.0,0.03824091778202677,0.2608695652173913,0.20015381657373582,3,1,0,3,3,0,4,0,22,2,2,0,2,1,0,78,72,1,3,3,1,3,3,3,3,1,0,4,1,4,3,5,3,1,2,4,4,2,0,2,1,7,4
0.0,0.03280007860789167,0.4444444444444444,0.5,0.9692307692307692,0.95,0.0,0.0,0.4815924657534247,0.35090455396132253,0.23387978142076501,0.0,0.195919689119171,0.0,0.3333333333333333,0.5,0.3333333333333333,0.0,0.2222222222222222,0.0,0.5,0.3687821612349914,0.09334889148191365,0.12237093690248566,0.0,0.23091713132089983,3,1,0,3,3,0,0,0,31,2,2,0,2,1,0,179,178,1,3,3,2,2,3,3,5,5,0,2,1,4,3,5,2,1,2,4,4,2,0,2,1,6,5
0.23529411764705882,0.0507675967040834,0.6666666666666666,0.5,0.8461538461538461,0.6666666666666666,0.0,0.7720588235294118,0.08690068493150685,0.5218340611353712,0.4429872495446266,0.8377337733773378,0.875,0.5,1.0,0.0,0.8333333333333334,0.0,0.8888888888888888,0.6666666666666666,0.75,0.5094339622641509,0.4282380396732789,0.0,0.0,0.5481638146510287,3,1,0,3,3,0,0,0,24,2,2,0,5,3,0,39,54,1,3,3,2,2,3,2,2,5,0,2,1,4,2,5,4,1,2,4,4,2,0,2,1,7,4
0.23529411764705882,0.03244915052007542,0.5555555555555556,0.5,0.9615384615384616,0.9333333333333333,0.0,0.0,0.3116438356164384,0.22707423580786026,0.08925318761384335,0.4004400440044004,0.30310880829015546,0.0,0.6666666666666666,0.5,0.5,0.0,0.5555555555555556,0.3333333333333333,0.5,0.3344768439108062,0.0,0.045889101338432124,0.0,0.2482022687944626,3,1,0,3,3,0,4,0,54,2,2,0,5,1,0,179,178,1,2,3,2,2,3,3,5,5,0,0,1,4,2,5,2,1,0,4,4,2,0,2,1,6,5
0.35294117647058826,0.09323925341219078,0.5555555555555556,0.5,0.6846153846153846,0.31666666666666665,0.0,0.49264705882352944,0.0,0.2925764192139738,0.18397085610200364,0.0,0.15155440414507773,0.5,0.3333333333333333,0.0,0.16666666666666666,0.0,0.1111111111111111,0.6666666666666666,0.5,0.4631217838765009,0.0,0.248565965583174,0.0,0.27898481061334357,3,1,0,0,2,0,1,2,14,2,2,0,7,0,2,39,54,1,3,3,1,3,3,1,0,5,0,0,1,4,3,5,4,1,2,4,4,2,0,2,1,7,4
0.17647058823529413,0.02121477266878471,0.3333333333333333,0.5,0.45384615384615384,0.0,0.0,0.0,0.3133561643835616,0.2283218964441672,0.1052823315118397,0.19306930693069307,0.1952720207253886,0.0,0.3333333333333333,0.0,0.5,0.0,0.1111111111111111,0.0,0.25,0.22641509433962265,0.0,0.0,0.2536231884057971,0.12516823687752354,4,1,0,3,3,0,4,0,18,2,2,0,0,1,0,6,6,1,3,3,2,3,3,3,5,5,0,2,1,4,3,5,2,5,2,4,4,1,0,2,1,7,4
0.0,0.03714222881447134,0.5555555555555556,0.75,0.6,0.13333333333333333,0.084375,0.29936974789915966,0.2183219178082192,0.3368683718028696,0.2174863387978142,0.0,0.18134715025906736,0.0,0.3333333333333333,0.0,0.5,0.0,0.2222222222222222,0.0,0.25,0.2469982847341338,0.0,0.0,0.0,0.19438569505864256,3,1,0,3,3,0,0,0,74,2,2,0,2,3,0,65,66,1,3,1,1,3,3,3,1,5,0,2,1,4,3,5,2,1,2,4,4,2,0,2,1,7,4
0.5882352941176471,0.02978677609384285,0.5555555555555556,0.5,0.8692307692307693,0.7166666666666667,0.0,0.15756302521008403,0.3848458904109589,0.37398627573300064,0.26083788706739525,0.0,0.21988341968911918,0.0,0.6666666666666666,0.0,0.3333333333333333,0.0,0.2222222222222222,0.0,0.5,0.45454545454545453,0.0,0.12045889101338432,0.0,0.2288021534320323,3,1,0,3,3,0,4,0,24,2,2,4,2,1,0,39,54,1,2,3,2,2,3,3,2,5,0,0,1,4,2,5,2,1,1,4,4,2,0,2,1,7,4
0.0,0.07260468184859559,0.5555555555555556,0.5,0.7615384615384615,0.8,0.0,0.0,0.5830479452054794,0.4248284466625078,0.4018214936247723,0.0,0.34520725388601037,0.0,0.6666666666666666,0.0,0.5,0.0,0.4444444444444444,0.3333333333333333,0.5,0.3730703259005146,0.22403733955659277,0.0,0.0,0.28090751778504136,3,1,0,0,3,0,1,0,19,2,2,0,2,1,0,71,64,1,3,1,1,2,0,3,5,5,0,4,1,4,3,5,4,1,2,4,4,2,0,2,1,7,4
1.0,0.024583682311820662,0.5555555555555556,0.875,0.4230769230769231,0.5333333333333333,0.0,0.25735294117647056,0.012842465753424657,0.16219588271990018,0.01347905282331512,0.0,0.07577720207253887,0.5,0.3333333333333333,0.0,0.3333333333333333,0.0,0.2222222222222222,0.0,0.0,0.0,0.061843640606767794,0.0,0.0,0.09536627571620843,4,1,0,3,3,0,4,0,18,2,2,1,0,1,0,78,72,1,3,0,1,3,3,0,2,5,0,2,0,4,3,5,2,1,2,4,4,0,0,2,1,7,4
0.5882352941176471,0.01591809806334486,0.5555555555555556,0.5,0.7384615384615385,0.43333333333333335,0.0,0.06302521008403361,0.4101027397260274,0.33624454148471616,0.17304189435336975,0.0,0.14183937823834197,0.0,0.6666666666666666,0.0,0.3333333333333333,0.0,0.2222222222222222,0.3333333333333333,0.5,0.37735849056603776,0.0,0.3919694072657744,0.0,0.17900403768506057,3,1,0,0,3,0,4,0,2,2,2,4,2,1,0,39,54,1,3,3,1,2,3,3,0,5,0,4,1,4,3,5,4,1,1,4,4,2,0,2,1,7,4
0.14705882352941177,0.013391415831067897,0.4444444444444444,0.75,0.38461538461538464,0.0,0.0,0.06092436974789916,0.238013698630137,0.2096069868995633,0.13005464480874318,0.0,0.10362694300518134,0.0,0.3333333333333333,0.0,0.5,0.0,0.2222222222222222,0.3333333333333333,0.0,0.0,0.0,0.0,0.0,0.10017304364545279,4,1,0,0,0,0,4,0,46,1,2,0,1,1,0,11,72,1,3,1,0,3,3,3,3,5,0,0,1,4,3,5,4,1,2,4,4,0,0,2,1,7,4
0.23529411764705882,0.028373705660236104,0.5555555555555556,0.5,0.6615384615384615,0.26666666666666666,0.16625,0.2689075630252101,0.06335616438356165,0.20586400499064256,0.06448087431693988,0.37843784378437845,0.26813471502590674,0.0,0.3333333333333333,0.5,0.5,0.0,0.3333333333333333,0.3333333333333333,0.5,0.38850771869639794,0.2193698949824971,0.20650095602294455,0.0,0.23091713132089983,3,1,0,3,3,0,4,0,74,4,2,0,5,1,0,179,178,1,3,3,1,3,3,3,1,5,0,4,1,4,3,5,1,1,1,4,4,2,0,2,1,7,4
0.0,0.03484481959956766,0.4444444444444444,0.75,0.6,0.6833333333333333,0.053125,0.2977941176470588,0.17679794520547945,0.314410480349345,0.20765027322404372,0.0,0.17260362694300518,0.0,0.3333333333333333,0.5,0.5,0.0,0.3333333333333333,0.0,0.5,0.6432246998284734,0.0,0.15296367112810708,0.0,0.22130359546241107,3,1,0,3,3,0,4,0,74,2,2,0,2,1,0,39,54,1,3,3,1,3,3,3,4,1,0,4,1,0,0,5,2,0,1,4,4,2,0,3,1,7,0
0.23529411764705882,0.05930216779977447,0.6666666666666666,0.625,0.6615384615384615,0.26666666666666666,0.193125,0.23371848739495799,0.2050513698630137,0.28820960698689957,0.26703096539162113,0.5176017601760176,0.5301165803108808,0.0,0.6666666666666666,0.5,0.6666666666666666,0.0,0.5555555555555556,0.6666666666666666,0.5,0.4176672384219554,0.12252042007001167,0.12619502868068833,0.0,0.3674293405114401,3,1,0,3,3,0,0,0,74,2,2,0,5,1,0,65,66,1,3,3,1,3,3,3,4,5,0,0,1,4,2,5,2,1,0,4,4,2,0,0,1,7,4
0.23529411764705882,0.050056382446109146,0.5555555555555556,0.5,0.9230769230769231,0.8333333333333334,0.025,0.3650210084033613,0.1271404109589041,0.3094198378041173,0.19635701275045536,0.5676567656765676,0.49676165803108807,0.5,0.6666666666666666,0.5,0.5,0.0,0.4444444444444444,0.3333333333333333,0.5,0.3344768439108062,0.028004667444574097,0.09177820267686425,0.0,0.4020380696019996,3,1,0,0,3,0,0,0,28,2,2,0,5,1,0,179,178,1,2,3,2,2,3,3,2,5,0,0,1,4,2,5,4,3,1,4,4,2,0,2,1,7,4
0.0,0.027428539343717685,0.4444444444444444,0.625,0.6076923076923076,0.8666666666666667,0.0,0.21271008403361344,0.2816780821917808,0.33156581409856517,0.30746812386156647,0.0,0.2613341968911917,0.5,0.3333333333333333,0.0,0.5,0.0,0.4444444444444444,0.0,0.5,0.5351629502572899,0.0,0.0,0.0,0.22274562584118437,3,1,0,3,3,0,0,0,74,2,2,0,2,1,0,65,66,1,3,3,1,3,3,3,4,5,0,2,1,4,2,5,2,5,2,4,4,2,0,2,1,7,4
0.0,0.02492525231729514,0.7777777777777778,0.5,0.9307692307692308,0.8666666666666667,0.085,0.5278361344537815,0.11215753424657535,0.3951965065502183,0.29617486338797816,0.0,0.25129533678756477,0.5,0.6666666666666666,0.0,0.3333333333333333,0.0,0.3333333333333333,0.0,0.5,0.4039451114922813,0.22403733955659277,0.04780114722753346,0.0,0.3558930974812536,3,1,0,0,3,0,4,0,10,2,2,0,2,1,0,179,178,1,2,3,2,0,3,3,2,5,0,0,1,4,2,5,2,1,0,4,4,2,0,2,1,7,4
0.0,0.04121767367431066,0.4444444444444444,0.625,0.676923076923077,0.7166666666666667,0.0,0.29936974789915966,0.3814212328767123,0.45570804741110416,0.4510018214936248,0.0,0.38892487046632124,0.0,0.6666666666666666,0.5,0.5,0.0,0.4444444444444444,0.3333333333333333,0.5,0.37735849056603776,0.0,0.1835564053537285,0.32608695652173914,0.27898481061334357,3,1,0,0,3,0,4,0,22,2,2,0,2,1,0,39,54,1,3,3,1,3,3,3,4,5,0,2,1,4,3,2,4,1,1,4,4,2,0,2,1,7,4
0.0,0.041521811350418075,0.6666666666666666,0.625,0.6923076923076923,0.3333333333333333,0.18,0.0,0.5582191780821918,0.4067373674360574,0.4367941712204007,0.0,0.37629533678756477,0.0,0.6666666666666666,0.0,0.5,0.0,0.4444444444444444,0.3333333333333333,0.5,0.45454545454545453,0.11435239206534423,0.0,0.0,0.2674485675831571,3,1,0,3,3,0,4,0,19,2,2,0,2,3,0,39,54,1,3,3,2,3,3,3,5,5,0,2,1,4,3,5,2,1,2,4,4,2,0,2,1,7,4
0.0,0.04131125449772832,0.4444444444444444,0.5,0.6692307692307692,0.2833333333333333,0.1225,0.3650210084033613,0.2221746575342466,0.3786650031191516,0.2663023679417122,0.0,0.22474093264248704,0.0,0.6666666666666666,0.0,0.5,0.0,0.2222222222222222,0.3333333333333333,0.25,0.2727272727272727,0.0,0.21223709369024857,0.0,0.20784464526052682,3,1,0,0,3,0,0,0,74,2,2,0,2,1,0,65,66,1,3,3,1,3,3,3,1,5,0,4,1,4,3,5,1,1,1,4,4,2,0,2,1,7,4
0.4117647058823529,0.04465676893490986,0.6666666666666666,0.5,0.8307692307692308,0.65,0.04375,0.0,0.8163527397260274,0.5948222083593263,0.5377049180327869,0.0,0.46599740932642486,0.0,1.0,0.0,0.8333333333333334,0.5,0.6666666666666666,0.0,0.75,0.6569468267581475,0.0,0.0,0.0,0.26168044606806384,3,1,0,3,3,0,4,0,16,2,2,2,2,1,0,179,178,1,3,3,1,3,3,3,5,5,0,2,1,4,3,5,2,0,2,4,4,2,0,2,1,7,3
0.23529411764705882,0.0352799704284598,0.7777777777777778,0.5,0.9153846153846154,0.8333333333333334,0.2,0.35084033613445376,0.14383561643835616,0.31316281971303805,0.18979963570127503,0.46644664466446645,0.43134715025906734,0.0,0.6666666666666666,0.5,0.5,0.0,0.4444444444444444,0.6666666666666666,0.75,0.5660377358490566,0.2613768961493582,0.20267686424474188,0.0,0.3751201691982311,3,1,0,0,3,0,4,0,54,2,2,0,5,1,0,179,178,1,2,3,2,2,3,2,2,5,0,0,1,4,2,5,4,1,0,4,4,2,0,0,1,7,4
0.23529411764705882,0.06503867227527735,0.5555555555555556,0.5,0.9,0.7833333333333333,0.0,0.43119747899159666,0.04580479452054795,0.2894572676232065,0.1621129326047359,0.4598459845984598,0.4028497409326425,0.5,0.6666666666666666,0.5,0.5,0.0,0.4444444444444444,0.0,0.5,0.40308747855917665,0.3220536756126021,0.18929254302103252,0.0,0.37800422995577776,3,1,0,0,3,0,4,0,54,2,2,0,5,1,0,179,178,1,3,3,2,2,3,3,2,5,0,0,1,4,2,5,2,1,1,4,4,2,0,2,1,7,4
0.0,0.0419897154675064,0.3333333333333333,0.5,0.7,0.35,0.0,0.226890756302521,0.18493150684931506,0.2694946974422957,0.13879781420765028,0.0,0.11139896373056994,0.0,0.3333333333333333,0.0,0.5,0.0,0.2222222222222222,0.3333333333333333,0.0,0.0,0.0,0.0,0.0,0.15400884445298982,3,1,0,3,3,0,2,0,74,2,2,0,2,1,0,71,64,1,3,3,1,3,3,3,0,5,0,4,1,4,3,5,3,1,2,4,4,2,0,2,1,4,4
0.0,0.047347217608167735,0.6666666666666666,0.5,0.9615384615384616,0.9166666666666666,0.0,0.6827731092436975,0.1857876712328767,0.5408608858390518,0.4557377049180328,0.0,0.39313471502590674,0.5,0.6666666666666666,0.0,0.5,0.0,0.4444444444444444,0.0,0.5,0.5660377358490566,0.1866977829638273,0.045889101338432124,0.0,0.4328013843491636,3,1,0,3,3,0,4,0,54,2,2,0,2,1,0,179,178,1,2,3,2,2,3,0,2,5,0,0,1,4,2,5,2,1,0,4,4,2,0,2,1,7,4
0.17647058823529413,0.03272521394915754,0.4444444444444444,0.375,0.5538461538461539,0.03333333333333333,0.0,0.266281512605042,0.17251712328767124,0.2838427947598253,0.15555555555555556,0.26127612761276126,0.2801165803108808,0.0,0.6666666666666666,0.0,0.6666666666666666,0.0,0.3333333333333333,0.0,0.5,0.6174957118353345,0.0,0.0,0.0,0.25206691020957506,3,1,0,3,3,0,0,0,74,0,2,0,0,1,0,19,72,1,3,0,1,3,3,3,4,5,0,1,1,4,3,5,2,5,2,4,4,2,0,2,1,7,4
0.0,0.04121767367431066,0.6666666666666666,0.5,0.9153846153846154,0.8166666666666667,0.114375,0.35661764705882354,0.3471746575342466,0.4647535870243294,0.370856102003643,0.0,0.3176813471502591,0.5,0.6666666666666666,0.0,0.5,0.0,0.3333333333333333,0.0,0.5,0.49485420240137223,0.16802800466744458,0.055449330783938815,0.0,0.3251297827340896,3,1,0,0,3,0,4,0,54,2,2,0,2,1,0,179,178,1,2,3,2,2,3,1,2,5,0,0,1,4,2,5,2,1,1,4,4,2,0,2,1,7,4
0.4117647058823529,0.03543905782826983,0.4444444444444444,0.5,0.6384615384615384,0.21666666666666667,0.21,0.6995798319327731,0.1695205479452055,0.5389893948845914,0.453551912568306,0.0,0.3911917098445596,0.5,0.6666666666666666,0.0,1.0,0.5,0.7777777777777778,0.0,0.5,0.4322469982847341,0.0,0.0,0.0,0.1732359161699673,4,1,0,3,3,0,4,0,22,5,2,2,2,1,0,71,64,1,3,3,1,3,3,3,4,5,0,4,1,4,3,5,2,5,2,4,4,2,0,2,1,4,0
0.8235294117647058,0.00466032500619973,0.5555555555555556,0.5,0.9538461538461539,0.9333333333333333,0.03125,0.0,0.4152397260273973,0.3025577043044292,0.17741347905282331,0.4064906490649065,0.3850388601036269,0.0,0.6666666666666666,0.0,0.5,0.0,0.4444444444444444,0.0,0.5,0.3259005145797599,0.0,0.07648183556405354,0.0,0.18284945202845607,4,1,0,3,3,0,4,0,31,2,2,3,5,1,0,179,178,2,2,3,2,2,3,3,5,5,0,0,1,4,2,0,2,5,2,4,4,2,0,2,1,7,4
0.058823529411764705,0.021495515139037708,0.4444444444444444,0.75,0.3923076923076923,0.7166666666666667,0.0,0.10976890756302521,0.2166095890410959,0.22301933873986277,0.14280510018214937,0.0,0.11496113989637306,0.5,0.3333333333333333,0.0,0.3333333333333333,0.0,0.2222222222222222,0.0,0.25,0.15437392795883362,0.056009334889148193,0.0,0.0,0.1347817727360123,4,1,0,3,3,0,0,0,19,2,2,0,2,1,0,78,72,1,3,3,0,3,3,3,1,5,0,4,1,0,3,5,2,5,2,1,4,2,0,2,1,7,4
0.23529411764705882,0.03733406950247755,0.6666666666666666,0.5,0.9307692307692308,0.85,0.1125,0.0,0.3784246575342466,0.2757330006238303,0.14608378870673952,0.6331133113311331,0.49060880829015546,0.0,0.6666666666666666,0.5,0.5,0.0,0.5555555555555556,0.3333333333333333,0.5,0.37221269296740994,0.16802800466744458,0.09177820267686425,0.0,0.360699865410498,3,1,0,0,3,0,1,0,28,2,2,0,5,1,0,179,178,1,2,3,2,2,3,3,5,5,0,0,1,4,2,5,2,3,0,4,4,2,0,2,1,7,4
0.0,0.02795259195485661,0.6666666666666666,0.5,0.9538461538461539,0.9166666666666666,0.075,0.35714285714285715,0.17123287671232876,0.3368683718028696,0.2174863387978142,0.0,0.18134715025906736,0.5,0.3333333333333333,0.0,0.5,0.0,0.3333333333333333,0.0,0.0,0.0,0.0,0.0,0.0,0.20399923091713132,3,1,0,3,3,0,4,0,24,2,2,0,2,1,0,179,178,1,3,3,2,2,3,3,2,5,0,0,1,4,2,5,2,1,2,4,4,2,0,2,1,7,4
0.17647058823529413,0.022057000079543698,0.4444444444444444,0.375,0.4307692307692308,0.0,0.0,0.0,0.3835616438356164,0.2794759825327511,0.15045537340619308,0.24642464246424642,0.266839378238342,0.0,0.3333333333333333,0.0,0.5,0.0,0.4444444444444444,0.0,0.25,0.2058319039451115,0.23337222870478413,0.2179732313575526,0.0,0.15400884445298982,4,1,0,3,3,0,4,0,19,2,2,0,0,1,0,65,66,1,3,3,0,2,3,3,5,5,0,2,1,0,3,5,2,5,2,1,4,2,0,2,1,7,4
0.0,0.04131593353889921,0.4444444444444444,0.625,0.7307692307692307,0.4166666666666667,0.0,0.3760504201680672,0.10830479452054795,0.30224578914535244,0.17704918032786884,0.0,0.14540155440414507,0.0,0.3333333333333333,0.5,0.5,0.0,0.2222222222222222,0.0,0.5,0.37735849056603776,0.0,0.0,0.0,0.16746779465487407,3,1,0,3,3,0,0,0,54,2,2,0,2,1,0,71,64,1,3,3,1,3,3,0,1,5,0,4,1,4,3,5,2,1,2,4,4,2,0,2,1,7,4
0.0,0.05785634407797154,0.7777777777777778,0.5,0.9769230769230769,0.9666666666666667,0.2725,0.7352941176470589,0.1327054794520548,0.5333749220212103,0.44699453551912566,0.0,0.3853626943005181,0.5,0.6666666666666666,0.0,0.3333333333333333,0.0,0.3333333333333333,0.3333333333333333,0.75,0.7427101200686106,0.0,0.1950286806883365,0.0,0.6489175158623341,3,1,0,3,3,0,4,0,35,2,2,0,2,3,0,179,178,2,2,3,2,0,3,1,2,5,0,0,1,4,2,5,2,1,1,4,4,2,0,2,1,6,5
0.23529411764705882,0.06212362962581708,0.5555555555555556,0.5,0.7,0.35,0.1575,0.2184873949579832,0.17508561643835616,0.25733000623830316,0.22367941712204006,0.49284928492849284,0.47700777202072536,0.0,0.6666666666666666,0.5,0.6666666666666666,0.0,0.5555555555555556,0.3333333333333333,0.5,0.42452830188679247,0.0,0.12619502868068833,0.0,0.2982118823303211,3,1,0,0,3,0,1,0,19,2,2,0,5,1,0,71,64,1,3,3,1,3,3,3,4,5,0,2,1,4,3,5,2,1,1,4,4,2,0,1,1,7,4
0.0,0.05602683898015619,0.5555555555555556,0.75,0.6153846153846154,0.4166666666666667,0.0,0.22531512605042017,0.03981164383561644,0.49968808484092325,0.2801457194899818,0.0,0.23704663212435234,0.5,0.3333333333333333,0.0,0.16666666666666666,0.0,0.1111111111111111,0.3333333333333333,0.5,0.483704974271012,0.47724620770128356,0.0,0.0,0.3847337050567199,3,1,0,3,3,0,4,0,14,2,2,0,2,0,0,19,54,1,3,3,1,2,3,1,1,0,0,2,1,4,3,5,2,1,1,4,4,2,0,2,1,7,4
0.058823529411764705,0.04592011005104834,0.5555555555555556,0.5,0.33076923076923076,0.0,0.0,0.0,0.5136986301369864,0.37429819089207733,0.2612021857923497,0.0,0.22020725388601037,0.0,0.3333333333333333,0.0,0.6666666666666666,0.0,0.4444444444444444,0.0,0.25,0.26758147512864494,0.0,0.0,0.41304347826086957,0.1732359161699673,4,1,0,3,3,0,0,0,46,2,2,0,2,1,0,78,72,1,3,3,0,3,3,3,5,5,0,4,1,0,3,5,2,5,2,1,1,2,0,2,1,7,3
0.17647058823529413,0.03777857841371146,0.5555555555555556,0.5,0.3384615384615385,0.0,0.0,0.0,0.24486301369863014,0.1784154709918902,0.03242258652094718,0.28822882288228824,0.18652849740932642,0.0,0.3333333333333333,0.0,0.3333333333333333,0.0,0.2222222222222222,0.0,0.0,0.0,0.0,0.015296367112810707,0.2318840579710145,0.0847913862718708,3,1,0,3,3,0,0,0,31,0,2,0,0,1,0,78,72,1,3,3,0,3,3,3,5,5,2,1,0,1,3,5,2,1,2,4,4,0,0,2,1,7,4
0.0,0.026548879603591632,0.4444444444444444,0.75,0.5384615384615384,0.0,0.0,0.0,0.0,0.0,0.2029143897996357,0.0,0.16839378238341968,0.0,0.3333333333333333,0.0,0.3333333333333333,0.0,0.2222222222222222,0.0,0.5,0.5360205831903945,0.0,0.0,0.0,0.1434339550086522,3,1,0,3,3,0,4,0,74,2,2,0,2,3,0,78,72,1,3,3,1,3,3,3,2,5,0,4,1,1,3,5,2,5,2,4,4,2,0,2,1,7,4
0.23529411764705882,0.04902231434734394,0.7777777777777778,0.5,0.9923076923076923,1.0,0.0525,0.0,0.3313356164383562,0.24142233312538988,0.10601092896174863,0.6567656765676567,0.4689119170984456,0.0,0.6666666666666666,0.5,0.6666666666666666,0.0,0.5555555555555556,0.3333333333333333,0.75,0.5831903945111492,0.0,0.14340344168260039,0.0,0.45106710248029225,3,1,0,3,3,0,0,0,10,2,2,0,5,1,0,179,178,1,2,3,2,0,3,3,5,5,0,0,1,4,0,5,2,3,0,4,4,2,0,2,1,6,5
0.23529411764705882,0.05159110795015885,0.6666666666666666,0.5,0.9538461538461539,0.9166666666666666,0.0,0.11659663865546219,0.3291952054794521,0.30910792264504056,0.18506375227686703,0.5258525852585259,0.46211139896373055,0.0,0.6666666666666666,0.5,0.5,0.0,0.5555555555555556,0.3333333333333333,0.5,0.58147512864494,0.0,0.26003824091778205,0.0,0.4229955777735051,1,1,0,3,3,0,0,0,26,2,2,0,5,1,0,179,178,1,2,3,2,2,3,3,2,5,0,0,1,4,2,5,2,1,1,4,4,2,0,1,1,7,4
0.23529411764705882,0.083530242982608,0.6666666666666666,0.5,0.9615384615384616,0.9333333333333333,0.285,0.029936974789915968,0.5714897260273972,0.43418590143480973,0.33114754098360655,0.5885588558855885,0.6288860103626943,0.5,0.6666666666666666,0.5,0.6666666666666666,0.0,0.6666666666666666,0.3333333333333333,0.5,0.4939965694682676,0.27887981330221706,0.25239005736137665,0.0,0.5481638146510287,3,1,0,0,1,0,0,0,28,2,2,0,5,1,0,179,178,1,2,3,2,2,3,2,2,5,0,0,1,4,2,5,2,1,1,4,4,2,0,2,1,6,5
0.0,0.04489072099345402,0.5555555555555556,0.625,0.8,0.5666666666666667,0.0,0.34663865546218486,0.24486301369863014,0.38427947598253276,0.27285974499089255,0.0,0.23056994818652848,0.0,0.6666666666666666,0.0,0.5,0.0,0.3333333333333333,0.0,0.5,0.4425385934819897,0.0,0.0,0.0,0.24533743510863296,3,1,0,0,3,0,1,0,5,2,2,0,2,1,0,39,54,1,3,3,2,2,3,3,1,5,0,4,1,4,3,5,2,1,2,4,4,2,0,2,1,7,4
0.23529411764705882,0.056906498720282236,0.8888888888888888,0.5,0.9461538461538461,0.9,0.415,0.5336134453781513,0.238013698630137,0.4903306300686213,0.39672131147540984,0.6028602860286029,0.6955958549222798,0.5,0.6666666666666666,0.5,0.5,0.0,0.7777777777777778,0.6666666666666666,0.75,0.6226415094339622,0.46674445740956827,0.0,0.0,0.7260142280330706,3,1,0,0,3,0,4,0,35,2,2,0,5,1,0,179,178,1,2,3,2,0,3,0,2,5,0,0,1,4,0,5,2,3,0,4,4,2,0,2,1,7,4
0.0,0.049859862716932046,0.6666666666666666,0.5,0.9615384615384616,0.9166666666666666,0.14125,0.6307773109243697,0.14554794520547945,0.4806612601372427,0.3854280510018215,0.0,0.33063471502590674,0.0,0.6666666666666666,0.0,0.5,0.0,0.4444444444444444,0.3333333333333333,0.5,0.4562607204116638,0.0,0.1338432122370937,0.0,0.3558930974812536,3,1,0,3,3,0,0,0,35,2,2,0,2,1,0,179,178,1,2,3,2,2,3,2,1,5,0,0,1,4,2,5,2,1,1,4,4,2,0,2,1,6,5
0.14705882352941177,0.018594509613090084,0.3333333333333333,0.625,0.5846153846153846,0.1,0.0,0.0,0.3775684931506849,0.27510917030567683,0.1453551912568306,0.0,0.1172279792746114,0.0,0.3333333333333333,0.0,0.16666666666666666,0.0,0.1111111111111111,0.0,0.0,0.0,0.0,0.0,0.0,0.13132089982695636,3,1,0,3,3,0,4,0,46,2,2,0,1,1,0,65,66,1,3,3,1,3,3,3,5,5,0,0,1,4,3,5,2,1,2,4,4,2,0,2,1,7,4
0.11764705882352941,0.01812660549600176,0.5555555555555556,0.75,0.35384615384615387,0.9,0.0,0.19432773109243698,0.3334760273972603,0.3583905177791641,0.24262295081967214,0.2568756875687569,0.3549222797927461,0.0,0.6666666666666666,0.0,0.5,0.0,0.2222222222222222,0.0,0.25,0.18524871355060035,0.0,0.0,0.33152173913043476,0.22514900980580657,4,1,1,3,3,0,0,0,46,2,2,0,2,1,0,65,66,1,3,1,0,3,3,2,3,5,0,2,1,0,2,5,2,5,2,4,4,2,0,2,1,7,4
1.0,0.04014617324617839,0.4444444444444444,0.75,0.46153846153846156,0.8166666666666667,0.0,0.18434873949579833,0.04794520547945205,0.20087336244541484,0.11839708561020036,0.3008800880088009,0.2704015544041451,0.5,0.6666666666666666,0.0,0.6666666666666666,0.5,0.3333333333333333,0.0,0.0,0.0,0.1633605600933489,0.0,0.0,0.1780426840992117,3,1,0,3,3,0,4,0,31,2,2,1,0,1,0,78,72,1,3,1,0,3,3,3,0,4,0,2,1,4,3,5,2,1,2,4,4,2,0,2,1,7,4
0.0,0.04296295603105012,0.4444444444444444,0.5,0.5769230769230769,0.7166666666666667,0.0,0.19905462184873948,0.2011986301369863,0.5043668122270742,0.5041894353369764,0.0,0.43620466321243523,0.5,0.3333333333333333,0.0,0.3333333333333333,0.0,0.4444444444444444,1.0,0.25,0.25986277873070324,0.5554259043173863,0.0,0.0,0.2982118823303211,3,1,0,0,3,0,4,0,14,2,2,0,2,3,0,78,72,1,2,3,1,3,3,3,3,1,0,0,1,0,3,5,2,1,0,4,4,2,0,1,1,0,4
0.23529411764705882,0.04227981602010116,0.7777777777777778,0.5,0.9769230769230769,0.95,0.1875,0.6764705882352942,0.12585616438356165,0.49344978165938863,0.41056466302367944,0.3030803080308031,0.5314119170984456,0.5,0.3333333333333333,0.5,0.5,0.0,0.5555555555555556,0.3333333333333333,0.75,0.676672384219554,0.20770128354725786,0.2294455066921606,0.0,0.5589771197846568,3,1,0,3,3,0,4,0,35,2,2,0,5,1,0,179,178,2,2,3,2,0,3,3,2,5,0,0,1,4,0,5,2,1,0,4,4,2,0,2,1,6,5
0.23529411764705882,0.03143379858599376,0.6666666666666666,0.5,0.9538461538461539,0.9,0.0,0.0,0.3595890410958904,0.26200873362445415,0.13005464480874318,0.48404840484048406,0.38860103626943004,0.0,0.6666666666666666,0.5,0.5,0.0,0.4444444444444444,0.3333333333333333,0.5,0.37735849056603776,0.11668611435239207,0.09177820267686425,0.0,0.2857142857142857,3,1,0,0,3,0,4,0,28,2,2,0,5,1,0,179,178,1,2,3,2,2,3,3,5,5,0,0,1,4,2,5,2,1,0,4,4,2,0,2,1,7,4
0.0,0.07085472045068525,0.7777777777777778,0.625,0.7769230769230769,0.5166666666666667,0.408125,0.0,0.7217465753424658,0.5258889582033687,0.4459016393442623,0.0,0.38439119170984454,0.0,0.6666666666666666,0.5,0.3333333333333333,0.0,0.3333333333333333,0.3333333333333333,0.5,0.43825042881646653,0.6697782963827305,0.12237093690248566,0.0,0.37127475485483563,3,1,0,0,3,0,0,0,10,2,2,0,2,3,4,39,54,1,2,3,1,2,3,3,5,5,0,4,1,4,3,5,4,1,1,4,4,2,0,2,1,7,4
0.17647058823529413,0.050683373963007504,0.4444444444444444,0.625,0.46923076923076923,0.0,0.0,0.18907563025210083,0.1541095890410959,0.22457891453524642,0.13515482695810566,0.0,0.27914507772020725,0.0,0.3333333333333333,0.5,0.3333333333333333,0.0,0.4444444444444444,0.0,0.5,0.5660377358490566,0.2765460910151692,0.0,0.0,0.17996539127090944,4,1,0,0,3,0,4,0,46,1,2,0,0,1,0,65,66,1,3,3,1,3,3,3,4,5,0,4,1,4,3,5,2,5,2,4,4,2,0,2,1,7,4
0.0,0.14151292117219338,0.5555555555555556,0.5,0.6153846153846154,0.16666666666666666,0.07,0.33560924369747897,0.18878424657534246,0.3368683718028696,0.4273224043715847,0.0,0.36787564766839376,0.5,0.3333333333333333,0.0,0.5,0.0,0.4444444444444444,0.6666666666666666,0.5,0.4528301886792453,0.24504084014002334,0.11854684512428298,0.0,0.34627956162276485,3,1,0,0,3,0,0,0,74,2,2,0,2,3,0,19,54,2,3,3,1,3,1,1,1,5,0,1,1,4,3,5,2,1,0,4,4,1,0,2,1,7,4
0.8235294117647058,0.017686775625938733,0.6666666666666666,0.75,0.823076923076923,0.6166666666666667,0.0,0.2599789915966387,0.15154109589041095,0.3318777292576419,0.21165755919854282,0.3866886688668867,0.40382124352331605,0.5,0.6666666666666666,0.0,0.3333333333333333,0.0,0.2222222222222222,0.3333333333333333,0.5,0.4322469982847341,0.514585764294049,0.06692160611854685,0.0,0.3924245337435109,3,1,0,0,3,0,4,0,8,2,2,4,5,1,0,71,64,1,2,1,2,2,1,3,2,4,0,2,1,4,2,5,4,1,1,2,4,2,0,2,1,7,4
0.0,0.04057196599272877,0.5555555555555556,0.5,0.6230769230769231,0.18333333333333332,0.306875,0.15126050420168066,0.2996575342465753,0.4248284466625078,0.32021857923497266,0.0,0.27266839378238344,0.5,0.3333333333333333,0.5,0.5,0.0,0.3333333333333333,0.3333333333333333,0.5,0.4322469982847341,0.0,0.03824091778202677,0.0,0.24629878869448182,3,1,0,0,3,0,4,0,74,2,2,0,2,1,0,11,13,0,3,3,1,3,3,3,0,4,0,4,1,4,3,5,4,1,2,4,4,2,0,2,1,0,4
0.0,0.05095475835091873,0.5555555555555556,0.5,0.8153846153846154,0.6,0.0825,0.7342436974789915,0.0,0.5009357454772302,0.4255009107468124,0.0,0.36625647668393785,0.5,0.6666666666666666,0.0,0.5,0.0,0.4444444444444444,0.3333333333333333,0.5,0.5283018867924528,0.22403733955659277,0.0,0.0,0.28667563930013457,3,1,0,0,3,0,4,0,10,2,2,0,2,1,0,179,54,2,3,3,1,2,0,3,0,3,0,4,1,4,3,3,4,1,0,4,4,2,0,2,1,7,4
0.0,0.0518858875439245,0.5555555555555556,0.75,0.5384615384615384,0.85,0.0,0.2505252100840336,0.3103595890410959,0.3749220212102308,0.6102003642987249,0.0,0.530440414507772,0.5,0.6666666666666666,0.0,0.6666666666666666,0.0,0.4444444444444444,0.3333333333333333,0.5,0.4939965694682676,0.0,0.055449330783938815,0.07065217391304347,0.4001153624303019,3,1,0,3,3,0,0,0,31,2,2,0,2,1,0,11,13,1,3,3,1,3,1,0,0,5,0,4,1,4,2,5,2,1,2,4,4,2,0,2,1,7,4
0.23529411764705882,0.03978588707602038,0.5555555555555556,0.5,0.8307692307692308,0.65,0.1675,0.4364495798319328,0.136986301369863,0.3590143480973175,0.24808743169398906,0.49284928492849284,0.49870466321243523,0.0,0.6666666666666666,0.5,0.6666666666666666,0.0,0.5555555555555556,0.3333333333333333,0.5,0.4468267581475129,0.0,0.4359464627151052,0.0,0.33858873293597386,3,1,0,0,3,0,0,0,14,2,2,0,5,1,0,39,54,1,2,3,2,2,3,3,2,5,0,4,1,4,3,5,4,1,2,4,4,2,0,2,1,7,4
0.17647058823529413,0.056728695155788676,0.4444444444444444,0.5,0.6,0.13333333333333333,0.0,0.029936974789915968,0.23715753424657535,0.32813474734872117,0.2801457194899818,0.36743674367436746,0.4533678756476684,0.5,0.6666666666666666,0.0,0.6666666666666666,0.0,0.5555555555555556,0.3333333333333333,0.5,0.3867924528301887,0.0,0.0,0.0,0.26456450682561045,3,1,0,3,3,0,4,0,22,2,2,0,0,1,0,65,66,1,2,1,1,3,3,3,0,1,0,0,1,4,2,5,2,1,2,4,4,2,0,2,1,7,4
0.0,0.07438271749353123,0.8888888888888888,0.5,0.9846153846153847,0.9833333333333333,0.4675,1.0,0.13356164383561644,0.6912039925140362,0.6378870673952641,0.0,0.5550518134715026,0.5,0.6666666666666666,0.0,0.16666666666666666,0.0,0.6666666666666666,0.3333333333333333,0.75,1.0,0.0,0.1147227533460803,0.0,0.8977831186310324,3,1,0,0,3,0,1,0,8,2,2,0,2,3,0,179,178,2,0,3,2,0,3,3,2,5,0,0,1,4,0,5,2,1,0,4,4,2,0,2,1,6,5
0.058823529411764705,0.03272521394915754,0.4444444444444444,0.625,0.33076923076923076,0.9333333333333333,0.0,0.0,0.4143835616438356,0.30193387398627575,0.1766848816029144,0.0,0.14507772020725387,0.0,0.3333333333333333,0.0,0.3333333333333333,0.0,0.2222222222222222,0.0,0.5,0.411663807890223,0.0,0.0,0.3333333333333333,0.12516823687752354,4,1,0,3,3,0,4,0,46,2,2,0,2,1,0,78,72,1,2,3,1,3,3,3,5,5,0,4,1,4,3,5,2,5,2,1,4,0,0,2,1,7,4
0.8235294117647058,0.0027653133319920082,0.5555555555555556,0.5,0.9230769230769231,0.8333333333333334,0.285,0.22899159663865545,0.136986301369863,0.23580786026200873,0.10418943533697632,0.4158415841584158,0.32545336787564766,0.0,0.6666666666666666,0.5,0.5,0.0,0.2222222222222222,0.3333333333333333,0.5,0.37735849056603776,0.0,0.0,0.0,0.2732166890982503,1,1,0,3,3,0,4,0,26,2,2,3,5,1,0,65,66,1,2,3,2,2,3,3,2,5,0,0,1,4,2,5,4,5,2,4,4,2,0,2,1,7,4
0.29411764705882354,0.028364347577894338,0.6666666666666666,0.625,0.3076923076923077,0.0,0.0,0.18487394957983194,0.18878424657534246,0.24734872114784778,0.15227686703096538,0.4955995599559956,0.41515544041450775,0.0,0.3333333333333333,0.5,0.6666666666666666,0.0,0.6666666666666666,0.3333333333333333,0.25,0.18524871355060035,0.0,0.0,0.07246376811594203,0.31763122476446837,3,1,0,3,3,0,4,0,14,2,2,0,5,1,0,11,12,1,3,3,0,1,3,3,3,5,0,2,1,4,3,5,2,5,2,1,4,2,0,2,1,7,4
0.0,0.0352518961814345,0.4444444444444444,0.625,0.5923076923076923,0.9333333333333333,0.06125,0.0,0.0,0.0,0.31220400728597447,0.0,0.2655440414507772,0.0,0.3333333333333333,0.0,0.5,0.0,0.4444444444444444,0.3333333333333333,0.25,0.21612349914236706,0.1353558926487748,0.0,0.0,0.16362238031147855,3,1,0,3,3,0,4,0,31,0,2,0,2,3,0,78,72,1,3,3,2,3,3,3,2,5,0,0,1,4,3,5,2,1,1,4,4,2,0,2,1,7,4
0.17647058823529413,0.0463225075917443,0.6666666666666666,0.5,0.9461538461538461,0.8833333333333333,0.0,0.0,0.5830479452054794,0.4248284466625078,0.32021857923497266,0.39603960396039606,0.5058290155440415,0.0,0.6666666666666666,0.5,0.5,0.0,0.3333333333333333,0.0,0.5,0.41509433962264153,0.3267211201866978,0.45506692160611856,0.0,0.3174389540472986,4,1,0,3,3,0,4,0,46,2,2,0,0,1,0,179,178,1,3,3,2,2,3,3,5,5,0,0,1,4,2,4,2,5,2,4,4,0,0,2,1,7,4
0.17647058823529413,0.02766249140226185,0.4444444444444444,0.875,0.2153846153846154,0.6833333333333333,0.0,0.0,0.21575342465753425,0.1572052401746725,0.1650273224043716,0.17381738173817382,0.23704663212435234,0.0,0.3333333333333333,0.0,0.5,0.0,0.2222222222222222,0.0,0.5,0.4939965694682676,0.12135355892648775,0.0,0.0,0.1770813305133628,3,1,0,0,3,0,4,0,19,6,1,0,0,1,0,6,54,1,3,3,2,1,3,3,5,5,0,2,1,4,3,5,2,1,2,4,4,2,0,2,1,7,4
0.3235294117647059,0.10024377804500302,1.0,1.0,0.09230769230769231,0.7166666666666667,0.0,0.0,0.4738869863013699,0.34529008109794135,0.3770491803278688,0.834983498349835,1.0,0.0,0.6666666666666666,0.5,0.6666666666666666,0.0,1.0,0.6666666666666666,0.75,0.7204116638078902,0.0,0.497131931166348,0.0,0.84618342626418,4,1,0,1,3,0,4,0,46,0,2,0,3,1,5,78,72,1,2,1,0,3,3,2,5,5,0,0,1,4,0,5,4,5,2,0,4,2,0,0,1,7,4
0.35294117647058826,0.03940220570000796,0.6666666666666666,0.5,0.8461538461538461,0.6833333333333333,0.0,0.32090336134453784,0.24700342465753425,0.3705552089831566,0.2673952641165756,0.0,0.22571243523316062,0.5,0.6666666666666666,0.0,0.5,0.0,0.3333333333333333,0.0,0.5,0.4262435677530017,0.19603267211201866,0.05162523900573614,0.0,0.2655258604114593,3,1,0,0,3,0,1,0,16,2,2,0,7,1,0,71,64,1,3,3,2,2,3,0,2,5,0,0,1,4,2,5,2,1,2,4,4,2,0,0,1,7,4
0.17647058823529413,0.04156860176212691,0.4444444444444444,0.75,0.27692307692307694,0.6166666666666667,0.0,0.0,0.2825342465753425,0.20586400499064256,0.11839708561020036,0.3872387238723872,0.36787564766839376,0.0,0.6666666666666666,0.5,0.5,0.0,0.5555555555555556,0.0,0.25,0.15437392795883362,0.0,0.0,0.0,0.19246298788694483,3,1,0,3,3,0,4,0,46,2,2,0,0,1,0,71,64,1,3,3,1,1,3,3,5,5,0,0,1,4,3,3,2,5,2,1,1,0,0,2,1,7,4
0.4117647058823529,0.02569729411049088,0.4444444444444444,0.5,0.7615384615384615,0.48333333333333334,0.171875,0.5703781512605042,0.0,0.33873986275733,0.26994535519125684,0.0,0.22797927461139897,1.0,0.0,1.0,0.3333333333333333,0.5,0.3333333333333333,0.6666666666666666,0.5,0.4528301886792453,0.14002333722287047,0.0,0.0,0.22771966929436646,3,1,0,3,0,0,4,0,24,1,2,2,6,1,0,39,54,2,3,3,1,2,3,0,2,5,0,4,1,4,3,5,4,5,2,4,4,2,0,2,1,7,2
0.5882352941176471,0.015894702857490443,0.7777777777777778,0.5,0.9307692307692308,0.8666666666666667,0.0,0.6055672268907563,0.18835616438356165,0.4968808484092327,0.40437158469945356,0.0,0.3474740932642487,0.5,0.3333333333333333,0.5,0.0,0.0,0.2222222222222222,0.3333333333333333,0.5,0.5849056603773585,0.0,0.2294455066921606,0.0,0.48279177081330515,3,1,0,3,3,0,4,0,8,2,2,4,2,1,0,20,20,1,2,3,2,0,3,0,2,5,0,0,1,4,0,5,2,1,0,4,4,2,0,2,1,7,4
0.29411764705882354,0.04231724834946823,0.7777777777777778,0.875,0.4,0.7333333333333333,0.0,0.1559873949579832,0.238013698630137,0.26606363069245165,0.3883424408014572,0.647964796479648,0.7147020725388601,0.0,0.6666666666666666,0.5,0.5,0.0,0.7777777777777778,0.6666666666666666,0.5,0.37735849056603776,0.0,0.14149139579349904,0.0,0.5385502787925399,3,1,0,3,0,0,4,1,14,2,2,0,5,3,0,19,9,1,2,3,1,2,1,3,4,5,0,4,1,4,2,0,4,5,2,4,4,2,0,2,1,7,4
0.23529411764705882,0.02782157880207188,0.6666666666666666,1.0,0.7076923076923077,0.9,0.08625,0.328781512605042,0.04238013698630137,0.22613849033063008,0.08816029143897997,0.41474147414741475,0.31055699481865284,0.5,0.3333333333333333,0.5,0.6666666666666666,0.0,0.4444444444444444,0.0,0.5,0.41509433962264153,0.0,0.06118546845124283,0.0,0.28667563930013457,3,1,0,0,3,0,1,0,74,2,2,0,5,1,0,71,64,1,3,3,1,3,3,3,0,5,0,2,1,4,2,5,2,1,0,4,4,2,0,2,1,7,4
0.0,0.03505069741108652,0.6666666666666666,0.5,0.9153846153846154,0.8166666666666667,0.0,0.29411764705882354,0.3728595890410959,0.4463505926388022,0.3453551912568306,0.0,0.29501295336787564,0.5,0.6666666666666666,0.0,0.5,0.0,0.3333333333333333,0.0,0.5,0.5711835334476844,0.0,0.06692160611854685,0.0,0.3020572966737166,3,1,0,0,3,0,4,0,54,2,2,0,2,1,0,179,178,1,2,3,2,2,3,0,2,5,0,0,1,4,2,5,2,1,0,4,4,2,0,2,1,7,4
0.8235294117647058,0.00466032500619973,0.6666666666666666,0.5,0.9538461538461539,0.9,0.03125,0.0,0.4152397260273973,0.3025577043044292,0.17741347905282331,0.4064906490649065,0.3850388601036269,0.0,0.6666666666666666,0.0,0.5,0.0,0.4444444444444444,0.0,0.5,0.3259005145797599,0.0,0.07648183556405354,0.0,0.18284945202845607,4,1,0,3,3,0,4,0,31,2,2,3,5,1,0,179,178,2,2,3,2,2,3,3,5,5,0,0,1,4,2,0,2,5,2,4,4,2,0,2,1,7,4
0.0,0.026455298780173966,0.4444444444444444,0.75,0.7076923076923077,0.36666666666666664,0.0,0.20483193277310924,0.2029109589041096,0.2694946974422957,0.13879781420765028,0.0,0.11139896373056994,0.0,0.3333333333333333,0.0,0.5,0.0,0.2222222222222222,0.0,0.25,0.3018867924528302,0.0,0.0,0.0,0.1770813305133628,3,1,0,0,3,0,4,0,54,2,2,0,2,3,0,71,64,1,3,3,1,3,3,0,0,5,0,4,1,4,3,5,2,5,2,4,4,2,0,2,1,7,4
0.8235294117647058,0.00352799704284598,0.5555555555555556,0.625,0.7384615384615385,0.43333333333333335,0.0,0.2972689075630252,0.12371575342465753,0.26668746101060514,0.1355191256830601,0.33058305830583057,0.30310880829015546,0.0,0.6666666666666666,0.5,0.5,0.0,0.4444444444444444,0.3333333333333333,0.5,0.37735849056603776,0.10151691948658109,0.0,0.0,0.21841953470486444,3,1,0,3,3,0,2,0,2,2,2,3,5,1,0,39,2,1,3,3,1,2,3,3,0,5,0,4,1,4,3,5,4,1,2,4,4,2,0,2,1,7,4
0.0,0.036917634838268945,0.6666666666666666,0.5,0.9769230769230769,0.95,0.128125,0.5913865546218487,0.2568493150684932,0.5383655645664379,0.4528233151183971,0.0,0.3905440414507772,0.5,0.6666666666666666,0.0,0.5,0.0,0.5555555555555556,0.3333333333333333,0.75,0.6740994854202401,0.19953325554259044,0.2638623326959847,0.0,0.5325360507594693,3,1,0,3,3,0,4,0,26,2,2,0,2,3,0,20,20,2,0,3,2,0,3,3,2,5,0,0,1,4,0,5,2,1,0,4,4,2,0,2,1,6,5
0.3235294117647059,0.1117963306959138,0.7777777777777778,0.375,0.2923076923076923,0.6666666666666666,0.0,0.5441176470588235,0.059931506849315065,0.42420461634435436,0.31948998178506377,0.7480748074807481,0.8393782383419689,0.5,0.6666666666666666,0.0,0.6666666666666666,0.0,0.5555555555555556,0.3333333333333333,0.5,0.6818181818181818,0.0,0.030592734225621414,1.0,0.3847337050567199,3,1,0,3,3,0,0,0,74,0,2,0,5,1,0,11,12,1,2,1,2,3,3,3,2,3,0,2,1,4,2,5,0,5,2,4,4,2,0,0,1,7,0
0.3235294117647059,0.01868809043650775,0.5555555555555556,0.625,0.24615384615384617,0.0,0.0,0.0,0.3232020547945205,0.235495945102932,0.16247723132969036,0.511001100110011,0.5534326424870466,0.0,0.3333333333333333,0.0,0.8333333333333334,0.0,0.5555555555555556,0.0,0.0,0.0,0.0,0.37858508604206503,0.05434782608695652,0.13285906556431457,4,1,0,3,3,0,0,0,46,2,2,0,3,1,0,78,72,1,3,3,1,3,3,3,5,5,0,0,1,4,3,5,2,1,2,4,4,2,0,2,1,7,0
0.0,0.037736467043173516,0.7777777777777778,0.5,0.9538461538461539,0.9166666666666666,0.16375,0.5714285714285714,0.2675513698630137,0.5343106674984405,0.44808743169398907,0.0,0.3863341968911917,0.5,0.6666666666666666,0.0,0.5,0.0,0.4444444444444444,0.3333333333333333,0.75,0.7341337907375644,0.0,0.0497131931166348,0.0,0.4614497212074601,3,1,0,3,3,0,4,0,35,2,2,0,2,3,0,179,178,1,2,3,2,0,3,0,2,5,0,0,1,4,0,5,2,1,0,4,4,2,0,2,1,7,4
0.0,0.0328468690196005,0.3333333333333333,0.5,0.9461538461538461,0.9,0.0,0.0,0.4798801369863014,0.3496568933250156,0.2324225865209472,0.0,0.19462435233160622,0.0,0.6666666666666666,0.0,0.3333333333333333,0.0,0.2222222222222222,0.0,0.5,0.37735849056603776,0.15402567094515754,0.12237093690248566,0.0,0.20207652374543358,4,1,0,3,3,0,0,0,31,2,2,0,2,1,0,179,178,1,3,3,2,2,3,3,5,5,0,0,1,4,3,5,2,1,1,4,4,2,0,2,1,7,4
0.0,0.040235075028425174,0.5555555555555556,0.625,0.7461538461538462,0.45,0.0,0.33665966386554624,0.11815068493150685,0.37305053025577045,0.2899817850637523,0.0,0.24579015544041452,0.0,0.6666666666666666,0.0,0.5,0.0,0.3333333333333333,0.6666666666666666,0.5,0.4056603773584906,0.2777129521586931,0.1586998087954111,0.0,0.2626417996539127,3,1,0,3,3,0,4,0,16,2,2,0,2,1,0,39,54,1,3,3,1,3,3,3,0,3,0,4,1,4,3,5,1,5,2,4,4,2,0,2,1,7,4
0.17647058823529413,0.02561307136941498,0.5555555555555556,0.625,0.3384615384615385,0.0,0.0,0.3240546218487395,0.0,0.1924516531503431,0.13916211293260475,0.24477447744774478,0.25582901554404147,0.0,0.6666666666666666,0.0,0.3333333333333333,0.0,0.3333333333333333,0.0,0.25,0.34133790737564323,0.0,0.0,0.22826086956521738,0.14824072293789656,3,1,0,3,3,0,0,0,46,0,2,0,0,1,0,65,66,1,3,1,0,1,3,3,3,5,0,2,1,4,3,2,2,1,2,4,4,2,0,2,1,0,4
0.5882352941176471,0.01362536788961206,0.5555555555555556,0.5,0.9538461538461539,0.9,0.128125,0.3476890756302521,0.07962328767123288,0.264504054897068,0.13296903460837886,0.0,0.10621761658031088,0.5,0.3333333333333333,0.0,0.16666666666666666,0.0,0.0,0.3333333333333333,0.5,0.3602058319039451,0.17386231038506417,0.0,0.0,0.2193808882907133,4,1,0,3,3,0,4,0,54,2,2,4,2,1,0,179,178,1,2,3,2,2,3,0,2,5,0,0,1,4,2,5,2,1,1,4,4,2,0,2,1,7,4
0.17647058823529413,0.009236427271323561,0.4444444444444444,0.75,0.5153846153846153,0.0,0.0,0.1638655462184874,0.17465753424657535,0.22457891453524642,0.08633879781420765,0.3102310231023102,0.24740932642487046,0.0,0.3333333333333333,0.5,0.3333333333333333,0.0,0.2222222222222222,0.0,0.25,0.2058319039451115,0.0,0.06692160611854685,0.0,0.14439530859450106,4,1,0,3,3,0,4,0,46,2,2,0,0,1,0,6,6,1,3,3,1,3,3,3,3,5,0,4,1,4,3,5,2,5,2,4,4,2,0,3,1,7,4
0.0,0.04831110008936969,0.6666666666666666,0.5,0.8461538461538461,0.6666666666666666,0.0,0.0,0.6095890410958904,0.4441671865252651,0.3493624772313297,0.0,0.29857512953367876,0.0,0.6666666666666666,0.0,0.5,0.0,0.2222222222222222,0.0,0.5,0.4288164665523156,0.0,0.06500956022944551,0.0,0.27994616419919244,3,1,0,3,3,0,0,0,28,2,2,0,2,1,0,71,64,1,3,3,2,2,3,3,5,5,0,0,1,4,3,5,2,1,1,4,4,2,0,2,1,7,4
0.0,0.05683631310271899,0.4444444444444444,0.5,0.6307692307692307,0.2,0.0,0.0,0.488013698630137,0.35558328134747347,0.4418943533697632,0.0,0.38082901554404147,0.0,0.3333333333333333,0.5,0.5,0.0,0.5555555555555556,0.3333333333333333,0.25,0.2993138936535163,0.0,0.05736137667304015,0.0,0.2095750817150548,3,1,0,0,3,0,1,0,22,5,2,0,2,1,0,71,64,1,3,1,1,3,3,3,5,5,0,4,1,4,3,3,4,1,1,4,4,2,0,2,1,7,4
0.0,0.05131504452107674,0.3333333333333333,0.5,0.6153846153846154,0.16666666666666666,0.0,0.22006302521008403,0.1605308219178082,0.3431066749844042,0.22477231329690345,0.0,0.1878238341968912,0.5,0.3333333333333333,0.0,0.5,0.0,0.3333333333333333,0.3333333333333333,0.25,0.26758147512864494,0.41423570595099185,0.0,0.0,0.20399923091713132,3,1,0,0,3,0,4,0,74,2,2,0,2,1,0,78,72,1,3,3,2,3,3,3,0,4,0,4,1,4,3,5,3,1,1,4,4,2,0,1,1,7,4
0.23529411764705882,0.060069530551799324,0.6666666666666666,0.5,0.8307692307692308,0.65,0.08,0.5593487394957983,0.039383561643835614,0.3608858390517779,0.2539162112932605,0.48514851485148514,0.4993523316062176,0.5,0.6666666666666666,0.5,0.5,0.0,0.4444444444444444,0.3333333333333333,0.5,0.3893653516295026,0.07001166861143523,0.10516252390057361,0.0,0.46548740626802537,3,1,0,0,2,0,4,1,24,2,2,0,5,1,0,39,54,1,2,3,1,2,3,1,2,5,0,0,1,4,3,5,2,1,0,4,4,2,0,2,1,7,4
0.0,0.03146187283301906,0.5555555555555556,0.75,0.6461538461538462,0.23333333333333334,0.1625,0.41334033613445376,0.1305650684931507,0.3406113537117904,0.22185792349726777,0.0,0.18523316062176165,0.5,0.3333333333333333,0.0,0.5,0.0,0.3333333333333333,0.0,0.5,0.4322469982847341,0.0,0.0,0.0,0.21169005960392231,3,1,0,3,3,0,4,0,74,2,2,0,2,3,0,71,64,2,3,3,1,2,3,3,4,5,0,0,1,4,3,5,2,1,1,4,2,2,0,2,1,7,4
0.058823529411764705,0.019081129894861944,0.4444444444444444,0.625,0.34615384615384615,0.0,0.0,0.24579831932773108,0.1695205479452055,0.2694946974422957,0.13879781420765028,0.0,0.11139896373056994,0.5,0.3333333333333333,0.0,0.3333333333333333,0.0,0.2222222222222222,0.0,0.0,0.0,0.0,0.0,0.17391304347826086,0.12132282253412806,3,1,0,3,3,0,4,0,31,2,2,0,2,1,0,11,12,1,3,3,1,3,3,3,4,5,0,4,0,0,3,5,2,1,2,4,4,2,0,2,1,7,4
0.0,0.04161539217383574,0.5555555555555556,0.5,0.9923076923076923,0.9833333333333333,0.0,0.018907563025210083,0.5034246575342466,0.37804117280099814,0.26557377049180325,0.0,0.22409326424870465,0.0,0.6666666666666666,0.0,0.5,0.0,0.3333333333333333,0.0,0.5,0.39451114922813035,0.11668611435239207,0.04206500956022945,0.0,0.2905210536435301,3,1,0,3,3,0,0,0,31,2,2,0,2,1,0,179,178,1,3,3,2,2,3,2,2,5,0,0,1,4,2,5,2,1,1,4,4,2,0,2,1,7,4
0.23529411764705882,0.03328669888966353,0.6666666666666666,0.5,0.9923076923076923,0.9833333333333333,0.0,0.4317226890756303,0.03339041095890411,0.280723643169058,0.16357012750455374,0.506050605060506,0.43134715025906734,0.5,0.6666666666666666,0.5,0.5,0.0,0.4444444444444444,0.3333333333333333,0.5,0.5523156089193825,0.19603267211201866,0.20650095602294455,0.0,0.4187233224379927,1,1,0,3,3,0,4,0,26,2,2,0,5,1,0,179,178,1,3,3,2,2,3,3,2,5,0,0,1,4,2,5,4,1,1,4,4,2,0,2,1,6,5
0.0,0.05634501377977625,0.4444444444444444,0.5,0.8846153846153846,0.75,0.0,0.3760504201680672,0.1172945205479452,0.3087960074859638,0.18469945355191256,0.0,0.15220207253886012,0.0,0.3333333333333333,0.0,0.5,0.0,0.2222222222222222,0.0,0.5,0.4939965694682676,0.2613768961493582,0.0,0.0,0.23283983849259757,3,1,0,1,3,0,1,0,54,2,2,0,2,1,0,179,178,1,3,3,2,2,3,3,0,5,0,0,1,4,3,5,2,1,2,4,4,2,0,2,1,7,4
0.23529411764705882,0.043861331935859706,0.5555555555555556,0.75,0.7461538461538462,0.45,0.095625,0.19852941176470587,0.1331335616438356,0.21490954460386774,0.0750455373406193,0.3866886688668867,0.2823834196891192,0.0,0.3333333333333333,0.5,0.5,0.0,0.3333333333333333,0.0,0.25,0.2564322469982847,0.0,0.06883365200764818,0.0,0.24389540472985966,3,1,0,0,3,0,2,0,54,2,2,0,5,1,0,71,64,1,3,3,1,2,3,3,2,5,0,0,1,4,3,5,2,1,0,4,4,2,0,2,1,7,4
0.0,0.039701664334944486,0.4444444444444444,0.625,0.5923076923076923,0.7666666666666667,0.04,0.18907563025210083,0.3039383561643836,0.3337492202121023,0.2743169398907104,0.0,0.23186528497409326,0.0,0.3333333333333333,0.0,0.3333333333333333,0.0,0.3333333333333333,0.3333333333333333,0.25,0.3833619210977702,0.0,0.0,0.0,0.19140549894251105,3,1,0,0,3,0,4,0,74,2,2,0,2,1,0,71,64,1,3,3,1,3,3,3,1,5,0,4,1,4,2,2,1,1,2,4,4,2,0,2,1,7,4
0.0,0.03239768106719571,0.6666666666666666,0.5,0.9538461538461539,0.9,0.16625,0.49684873949579833,0.20976027397260275,0.4479101684341859,0.3471766848816029,0.0,0.2966321243523316,0.5,0.6666666666666666,0.0,0.5,0.0,0.5555555555555556,0.0,0.5,0.41509433962264153,0.16219369894982497,0.18738049713193117,0.0,0.3366660257642761,3,1,0,3,3,0,4,0,54,2,2,0,2,1,0,179,178,1,2,3,2,2,3,2,2,5,0,0,1,4,2,5,2,1,2,4,4,2,0,2,1,7,4
0.29411764705882354,0.039210365012001744,0.3333333333333333,0.375,0.34615384615384615,0.0,0.0,0.0,0.2936643835616438,0.21397379912663755,0.11912568306010929,0.28492849284928495,0.2616580310880829,0.0,0.3333333333333333,0.0,0.5,0.0,0.5555555555555556,0.0,0.25,0.18010291595197256,0.0,0.32887189292543023,0.10869565217391304,0.1386271870794078,4,1,0,3,3,0,4,0,46,2,2,0,5,1,0,65,66,1,3,3,1,3,3,3,5,5,0,1,0,4,3,5,2,5,2,4,4,2,0,2,1,7,3
0.17647058823529413,0.06613356790926403,0.6666666666666666,1.0,0.45384615384615384,0.9333333333333333,0.195,0.1790966386554622,0.1956335616438356,0.24890829694323144,0.23825136612021858,0.4493949394939494,0.4643782383419689,0.0,0.3333333333333333,0.5,0.5,0.0,0.5555555555555556,0.6666666666666666,0.5,0.36963979416809606,0.0,0.22753346080305928,0.2717391304347826,0.5318208036915978,3,1,0,0,3,0,0,0,14,2,2,0,0,1,0,179,178,1,2,1,1,3,3,3,1,5,0,0,1,4,2,5,4,1,2,4,4,2,0,2,1,7,4
0.5882352941176471,0.006943697097590761,0.6666666666666666,0.5,0.9615384615384616,0.9333333333333333,0.01,0.008403361344537815,0.5273972602739726,0.38927011852776044,0.2786885245901639,0.0,0.23575129533678757,0.0,0.6666666666666666,0.0,0.3333333333333333,0.0,0.2222222222222222,0.0,0.5,0.37564322469982847,0.12602100350058343,0.0,0.0,0.2544510671024803,3,1,0,3,3,0,4,0,5,2,2,4,2,1,0,179,178,1,2,3,2,2,3,0,2,5,0,0,1,4,2,5,2,1,0,4,4,2,0,2,1,6,5
0.0,0.03492436329947267,0.6666666666666666,0.5,0.9692307692307692,0.9333333333333333,0.0,0.0,0.6412671232876712,0.4672489082969432,0.3697632058287796,0.0,0.3167098445595855,0.0,0.6666666666666666,0.0,0.3333333333333333,0.0,0.2222222222222222,0.0,0.5,0.5789022298456261,0.40956826137689617,0.06309751434034416,0.0,0.3268602191886176,3,1,0,0,3,0,4,0,54,2,2,0,2,1,0,179,178,1,2,3,2,2,3,2,5,5,0,0,1,4,2,5,2,1,1,4,4,2,0,2,1,6,5
0.23529411764705882,0.030610287339918305,0.5555555555555556,0.5,0.9384615384615385,0.8666666666666667,0.0,0.0,0.4323630136986301,0.31503431066749843,0.19198542805100183,0.6914191419141914,0.5657383419689119,0.0,0.6666666666666666,0.5,0.6666666666666666,0.0,0.5555555555555556,0.3333333333333333,0.5,0.3344768439108062,0.14002333722287047,0.08795411089866156,0.0,0.3174389540472986,3,1,0,0,3,0,4,0,28,2,2,0,5,1,0,179,178,1,2,3,2,2,3,3,5,5,0,0,1,4,2,5,4,3,1,4,4,2,0,2,1,4,4
0.23529411764705882,0.04655178060911758,0.5555555555555556,0.625,0.7307692307692307,0.4166666666666667,0.0,0.28886554621848737,0.06977739726027397,0.2223955084217093,0.11948998178506376,0.4075907590759076,0.33419689119170987,0.5,0.6666666666666666,0.5,0.5,0.0,0.3333333333333333,0.3333333333333333,0.5,0.37221269296740994,0.24387397899649943,0.3977055449330784,0.0,0.2787925398961738,3,1,0,3,3,0,4,0,19,6,2,0,5,1,0,179,178,1,3,3,1,2,3,3,0,5,0,4,1,4,3,5,4,1,1,4,4,2,0,2,1,7,4
0.0,0.0419897154675064,0.3333333333333333,0.625,0.7,0.35,0.0,0.27521008403361347,0.0684931506849315,0.2694946974422957,0.13879781420765028,0.0,0.11139896373056994,0.0,0.3333333333333333,0.0,0.3333333333333333,0.0,0.1111111111111111,0.0,0.5,0.4939965694682676,0.25204200700116686,0.0,0.0,0.1194001153624303,3,1,0,3,3,0,2,0,74,2,2,0,2,1,0,71,64,1,3,3,1,3,3,3,0,3,0,2,1,4,3,5,2,5,2,4,4,2,0,2,1,7,0
0.0,0.05589582582737145,1.0,0.5,0.9461538461538461,0.8833333333333333,0.57625,0.029411764705882353,1.0,0.7461010605115409,0.6954462659380692,0.0,0.6062176165803109,0.0,0.6666666666666666,0.0,0.5,0.0,0.5555555555555556,0.3333333333333333,0.75,0.8301886792452831,0.2893815635939323,0.20076481835564053,0.0,0.6755431647760046,3,1,0,3,3,0,4,0,35,2,2,0,2,3,0,179,178,1,0,3,2,0,3,1,2,5,0,0,1,4,0,5,0,1,0,4,4,2,0,2,1,7,4
0.8235294117647058,0.0007205723403160225,0.4444444444444444,0.5,0.7,0.35,0.08875,0.0,0.2696917808219178,0.1965065502183406,0.053551912568306013,0.3696369636963696,0.25323834196891193,0.0,0.6666666666666666,0.5,0.5,0.0,0.3333333333333333,0.0,0.25,0.24013722126929674,0.0,0.0,0.0,0.14824072293789656,4,1,0,3,3,0,4,0,7,2,2,3,5,1,0,71,64,1,3,3,1,3,3,3,5,5,0,4,1,4,3,5,2,5,2,4,4,2,0,2,1,0,0
0.23529411764705882,0.0394162428235206,0.6666666666666666,0.5,0.8846153846153846,0.75,0.18125,0.2967436974789916,0.2731164383561644,0.3752339363693076,0.2663023679417122,0.7183718371837183,0.6476683937823834,0.0,0.6666666666666666,0.5,0.6666666666666666,0.0,0.6666666666666666,0.3333333333333333,0.75,0.6183533447684391,0.2613768961493582,0.2179732313575526,0.0,0.49048259950009615,3,1,0,0,3,0,4,0,10,2,2,0,5,1,0,179,178,1,2,3,2,2,3,3,2,5,0,0,1,4,2,5,4,1,1,4,4,2,0,2,1,7,0
0.8235294117647058,0.0016049111216129592,0.5555555555555556,0.625,0.6923076923076923,0.3333333333333333,0.079375,0.16859243697478993,0.06934931506849315,0.15065502183406113,0.0,0.27722772277227725,0.15123056994818654,0.0,0.3333333333333333,0.5,0.3333333333333333,0.0,0.2222222222222222,0.0,0.25,0.24013722126929674,0.0,0.0,0.0,0.13670447990771006,4,1,0,3,3,0,4,0,7,2,2,3,5,1,0,71,64,1,3,3,1,3,3,3,4,5,0,4,1,4,3,5,2,5,2,4,4,2,0,2,1,7,4
0.0,0.03272989299032842,0.4444444444444444,0.5,0.6692307692307692,0.2833333333333333,0.0,0.4422268907563025,0.029965753424657533,0.28446662507797876,0.15628415300546447,0.0,0.12694300518134716,0.0,0.3333333333333333,0.0,0.5,0.0,0.2222222222222222,0.3333333333333333,0.25,0.2881646655231561,0.0,0.0,0.0,0.1732359161699673,3,1,0,3,3,0,2,0,22,1,2,0,2,1,0,71,64,1,3,3,1,3,3,3,0,5,0,4,1,4,3,5,1,5,2,4,4,2,0,2,1,7,4
0.5882352941176471,0.007748492178982683,0.6666666666666666,0.5,0.9615384615384616,0.9333333333333333,0.01,0.008403361344537815,0.5809075342465754,0.42825951341235186,0.39052823315118396,0.0,0.33516839378238344,0.0,0.6666666666666666,0.0,0.3333333333333333,0.0,0.4444444444444444,0.3333333333333333,0.5,0.3687821612349914,0.16686114352392065,0.03824091778202677,0.0,0.3030186502595655,3,1,0,3,3,0,4,0,5,2,2,4,2,1,0,179,178,1,2,3,2,2,3,0,2,5,0,0,1,4,2,5,4,1,0,4,4,2,0,2,1,7,4
0.0,0.03384818383016952,0.5555555555555556,0.625,0.6076923076923076,0.15,0.1375,0.0,0.5111301369863014,0.37242669993761696,0.25901639344262295,0.0,0.2182642487046632,0.5,0.3333333333333333,0.0,0.5,0.0,0.3333333333333333,0.0,0.25,0.26758147512864494,0.0,0.0,0.21739130434782608,0.21745818111901558,3,1,0,3,3,0,4,0,74,2,2,0,2,3,0,65,66,1,3,3,1,3,3,3,5,5,0,4,1,4,3,5,2,1,1,4,4,2,0,2,1,7,4
0.23529411764705882,0.06369110841806297,0.7777777777777778,0.5,0.8846153846153846,0.7666666666666667,0.31625,0.36186974789915966,0.3309075342465753,0.4560199625701809,0.3668488160291439,0.7172717271727173,0.7363989637305699,0.5,0.6666666666666666,0.5,0.6666666666666666,0.0,0.6666666666666666,0.3333333333333333,0.75,0.6946826758147513,0.0,0.27915869980879543,0.36594202898550726,0.7077485099019419,3,1,0,0,3,0,4,0,10,2,2,0,5,1,0,179,178,1,2,3,2,2,3,3,2,5,0,0,1,4,0,5,4,1,0,4,4,2,0,2,1,7,4
0.8235294117647058,0.0007205723403160225,0.5555555555555556,0.5,0.7076923076923077,0.36666666666666664,0.185625,0.0,0.206763698630137,0.15065502183406113,0.0,0.27722772277227725,0.15123056994818654,0.0,0.3333333333333333,0.5,0.3333333333333333,0.0,0.2222222222222222,0.3333333333333333,0.25,0.2469982847341338,0.0,0.0,0.0,0.11459334743318593,4,1,0,3,3,0,4,0,7,2,2,3,5,1,0,71,64,1,3,3,1,3,3,3,5,5,0,4,1,4,3,5,3,1,2,4,4,2,0,2,1,7,4
0.0,0.04269157164313889,0.4444444444444444,0.625,0.7384615384615385,0.43333333333333335,0.0,0.09558823529411764,0.0,0.27885215221459764,0.14972677595628414,0.0,0.1211139896373057,0.5,0.3333333333333333,0.0,0.5,0.0,0.2222222222222222,0.0,0.25,0.2641509433962264,0.425904317386231,0.0,0.0,0.17938857911940012,3,1,0,3,3,0,0,0,54,2,2,0,2,1,0,71,64,1,3,3,1,3,1,0,3,0,0,4,1,4,3,5,2,1,2,4,4,2,0,2,1,7,4
0.23529411764705882,0.029594935405836634,0.5555555555555556,0.5,0.9384615384615385,0.8666666666666667,0.0,0.3282563025210084,0.10059931506849315,0.26824703680598877,0.13734061930783242,0.605060506050605,0.46632124352331605,0.5,0.6666666666666666,0.5,0.6666666666666666,0.0,0.5555555555555556,0.6666666666666666,0.5,0.37735849056603776,0.33605600933488916,0.09177820267686425,0.0,0.34916362238031146,3,1,0,3,3,0,4,0,28,2,2,0,5,1,0,179,178,1,2,3,2,2,3,3,2,5,0,0,1,4,2,5,4,3,0,4,4,2,0,2,1,7,4
0.8235294117647058,0.0007205723403160225,0.5555555555555556,0.25,0.7,0.35,0.3775,0.1880252100840336,0.05351027397260274,0.15065502183406113,0.0,0.27722772277227725,0.15123056994818654,0.0,0.3333333333333333,0.5,0.3333333333333333,0.0,0.2222222222222222,0.0,0.25,0.22641509433962265,0.0,0.0,0.0,0.10497981157469717,4,1,0,3,3,0,4,0,7,2,2,4,5,1,0,71,64,1,3,3,1,3,3,3,0,5,0,4,1,4,3,5,2,5,2,4,4,2,0,2,1,7,4
0.0,0.033909011365391005,0.6666666666666666,0.5,0.9538461538461539,0.9,0.06125,0.012605042016806723,0.5950342465753424,0.4410480349344978,0.33916211293260473,0.0,0.28950777202072536,0.0,0.6666666666666666,0.0,0.5,0.0,0.3333333333333333,0.0,0.5,0.4236706689536878,0.15402567094515754,0.20076481835564053,0.0,0.2895597000576812,3,1,0,3,3,0,2,0,54,2,2,0,2,1,0,179,178,1,2,3,2,2,3,0,2,5,0,0,1,4,2,5,2,1,1,4,4,2,0,2,1,7,4
0.23529411764705882,0.037090759361591626,0.6666666666666666,0.75,0.8692307692307693,0.8833333333333333,0.0,0.2111344537815126,0.2542808219178082,0.3106674984404242,0.19344262295081968,0.40154015401540155,0.3963730569948187,0.0,0.6666666666666666,0.5,0.5,0.0,0.4444444444444444,0.0,0.5,0.39193825042881647,0.43173862310385064,0.1338432122370937,0.0,0.30686406460296095,3,1,0,0,3,0,1,0,24,7,2,0,5,1,0,71,64,1,2,3,2,2,3,3,1,5,0,0,1,4,2,5,2,1,1,4,4,2,0,2,1,7,4
0.0,0.04914864845895779,0.7777777777777778,0.5,0.9769230769230769,0.95,0.15875,0.0,0.7251712328767124,0.5283842794759825,0.4411657559198543,0.0,0.3801813471502591,0.0,0.6666666666666666,0.0,0.5,0.0,0.4444444444444444,0.0,0.75,0.7015437392795884,0.19603267211201866,0.4359464627151052,0.0,0.5443184003076331,3,1,0,3,3,0,4,0,35,2,2,0,2,3,0,179,178,1,0,3,2,0,3,3,5,5,0,0,1,4,2,5,2,1,0,4,4,2,0,2,1,6,5
0.17647058823529413,0.03375928204792274,0.5555555555555556,0.375,0.5,0.0,0.0,0.04936974789915966,0.2744006849315068,0.2292576419213974,0.11475409836065574,0.378987898789879,0.3131476683937824,0.0,0.3333333333333333,0.5,0.5,0.0,0.4444444444444444,0.3333333333333333,0.25,0.18867924528301888,0.0,0.2676864244741874,0.0,0.15016343010959432,3,1,0,3,3,0,4,0,31,2,2,0,0,1,0,179,178,1,3,3,1,3,0,3,3,5,0,4,1,0,3,5,2,5,2,4,4,2,0,2,1,7,4
0.0,0.03497115371118151,0.7777777777777778,0.5,0.9846153846153847,0.9666666666666667,0.0225,0.5661764705882353,0.2089041095890411,0.48845913911416095,0.3945355191256831,0.0,0.3387305699481865,0.5,0.6666666666666666,0.0,0.5,0.0,0.4444444444444444,0.0,0.5,0.6432246998284734,0.16802800466744458,0.32122370936902483,0.0,0.437608152278408,1,1,0,3,3,0,4,0,26,2,2,0,2,1,0,179,178,2,2,3,2,2,3,0,2,5,0,0,1,4,2,5,2,1,1,4,4,2,0,2,1,7,4
0.058823529411764705,0.0110144629162592,0.4444444444444444,1.0,0.5,0.7833333333333333,0.0,0.17279411764705882,0.1528253424657534,0.21397379912663755,0.1395264116575592,0.0,0.11204663212435233,0.0,0.3333333333333333,0.0,0.3333333333333333,0.0,0.1111111111111111,0.0,0.0,0.0,0.0676779463243874,0.08030592734225621,0.0,0.14535666218034993,4,1,0,3,3,0,4,0,46,2,2,0,2,1,0,179,178,1,3,1,1,3,3,3,0,5,0,2,1,4,2,5,2,1,2,4,4,2,0,2,1,7,4
0.17647058823529413,0.016254989027648454,0.4444444444444444,0.375,0.15384615384615385,0.0,0.0,0.0,0.23116438356164384,0.1684341859014348,0.14790528233151184,0.3030803080308031,0.2979274611398964,0.0,0.3333333333333333,0.0,0.5,0.0,0.3333333333333333,0.0,0.25,0.3018867924528302,0.0,0.0,0.13949275362318841,0.0847913862718708,4,1,0,3,3,0,0,0,46,2,2,0,0,1,0,78,72,1,3,3,0,3,3,3,5,5,0,2,0,0,3,5,2,1,2,1,4,2,0,2,1,7,4
0.8235294117647058,0.043215624254277815,0.5555555555555556,0.625,0.7692307692307693,0.5,0.0,0.0,0.2679794520547945,0.1952588895820337,0.05209471766848816,0.3250825082508251,0.22571243523316062,0.0,0.3333333333333333,0.5,0.5,0.0,0.3333333333333333,0.3333333333333333,0.25,0.2469982847341338,0.0,0.05353728489483748,0.0,0.16362238031147855,3,1,0,3,3,0,0,0,24,2,2,4,5,1,0,39,54,1,3,3,1,2,3,3,5,5,0,4,1,4,3,5,4,1,1,4,4,2,0,2,1,7,4
0.23529411764705882,0.034409668770675514,0.6666666666666666,0.5,0.8769230769230769,0.8666666666666667,0.0,0.3650210084033613,0.10830479452054795,0.2956955708047411,0.2692167577413479,0.4884488448844885,0.5148963730569949,0.5,0.6666666666666666,0.5,0.5,0.0,0.5555555555555556,0.6666666666666666,0.5,0.39708404802744424,0.0,0.248565965583174,0.0,0.32705248990578734,3,1,0,0,3,0,4,0,24,2,2,0,5,1,0,179,178,1,2,3,2,2,3,3,2,5,0,0,1,4,2,5,1,1,1,4,4,2,0,2,1,7,4
0.0,0.041521811350418075,0.6666666666666666,0.5,0.8307692307692308,0.6333333333333333,0.06375,0.4879201680672269,0.3921232876712329,0.575483468496569,0.5060109289617486,0.0,0.4378238341968912,0.0,0.6666666666666666,0.0,0.5,0.0,0.3333333333333333,0.3333333333333333,0.5,0.5180102915951973,0.22987164527421236,0.0745697896749522,0.0,0.3972313016727552,3,1,0,3,3,0,4,0,19,2,2,0,2,1,0,78,72,1,3,3,1,2,3,0,2,5,0,2,1,4,3,5,4,1,0,4,4,2,0,2,1,7,4
1.0,0.03563557755744693,0.5555555555555556,0.875,0.23076923076923078,0.0,0.0,0.0,0.4366438356164384,0.31815346225826574,0.15482695810564662,0.5610561056105611,0.45595854922279794,0.0,0.6666666666666666,0.0,0.6666666666666666,0.5,0.6666666666666666,0.0,0.25,0.37735849056603776,0.0,0.1147227533460803,0.2028985507246377,0.19630840223034032,4,1,0,3,3,0,4,0,46,2,2,1,5,1,0,6,6,1,3,0,4,1,3,3,5,5,0,2,0,2,1,5,2,5,2,3,3,2,0,2,1,7,4
0.0,0.045779738815921844,0.5555555555555556,0.5,0.5692307692307692,0.06666666666666667,0.0,0.0,0.5851883561643836,0.4263880224578915,0.3249544626593807,0.0,0.2768782383419689,0.0,0.3333333333333333,0.0,0.3333333333333333,0.0,0.2222222222222222,0.3333333333333333,0.5,0.3867924528301887,0.0,0.05736137667304015,0.0,0.20207652374543358,3,1,0,3,3,0,4,0,74,2,2,0,2,3,0,78,9,1,3,3,1,3,3,3,5,5,0,0,1,4,3,5,4,1,2,4,4,2,0,2,1,7,4
0.23529411764705882,0.04581249210411802,0.6666666666666666,0.5,0.9461538461538461,0.8833333333333333,0.063125,0.0,0.3595890410958904,0.26200873362445415,0.13005464480874318,0.45544554455445546,0.37176165803108807,0.0,0.6666666666666666,0.5,0.5,0.0,0.5555555555555556,0.0,0.5,0.4288164665523156,0.16802800466744458,0.13001912045889102,0.0,0.27898481061334357,3,1,0,3,3,0,4,0,54,2,2,0,5,1,0,179,178,1,2,3,2,2,3,3,5,5,0,0,1,4,2,5,2,1,1,4,4,2,0,2,1,7,4
0.17647058823529413,0.7368273293436709,0.5555555555555556,0.75,0.6,0.9333333333333333,0.295,0.36607142857142855,0.319777397260274,0.4504054897067998,0.3500910746812386,0.385038503850385,0.5259067357512953,0.0,0.6666666666666666,0.0,0.6666666666666666,0.0,0.4444444444444444,0.6666666666666666,0.5,0.33361921097770153,0.0,0.18738049713193117,0.0,0.46548740626802537,3,1,0,1,2,0,1,2,14,2,2,0,0,1,0,78,64,0,2,3,1,2,3,1,4,5,0,2,1,4,2,5,4,1,0,4,4,2,0,2,1,7,4
0.058823529411764705,0.017892653437457596,0.2222222222222222,0.125,0.46153846153846156,0.26666666666666666,0.0,0.0,0.3116438356164384,0.22707423580786026,0.29981785063752275,0.0,0.2545336787564767,0.0,0.3333333333333333,0.0,0.5,0.0,0.3333333333333333,0.0,0.0,0.0,0.30688448074679114,0.0,0.0,0.07998461834262642,3,1,0,0,3,0,4,0,19,2,2,0,2,1,0,78,54,1,3,2,1,3,3,3,5,5,0,0,1,4,1,4,2,1,2,4,4,2,0,1,1,7,4
0.5882352941176471,0.015085228734927639,0.7777777777777778,0.5,0.9692307692307692,0.95,0.300625,0.8261554621848739,0.0,0.49064254522769807,0.41602914389799633,0.0,0.35783678756476683,0.5,0.6666666666666666,0.0,0.3333333333333333,0.0,0.2222222222222222,0.3333333333333333,0.5,0.4614065180102916,0.14352392065344224,0.0,0.0,0.3847337050567199,4,1,0,0,1,0,4,1,14,2,2,4,2,3,0,179,178,2,2,3,2,2,3,1,2,5,0,0,1,4,2,5,2,1,0,4,4,2,0,2,1,7,3
0.23529411764705882,0.03200464160884152,0.5555555555555556,0.5,0.9538461538461539,0.9,0.0,0.0,0.3416095890410959,0.24890829694323144,0.11475409836065574,0.46314631463146316,0.3626943005181347,0.0,0.6666666666666666,0.5,0.5,0.0,0.3333333333333333,0.0,0.5,0.44596912521440824,0.16102683780630106,0.08604206500956023,0.0,0.2655258604114593,3,1,0,0,3,0,4,0,24,2,2,0,5,1,0,179,178,1,2,3,2,2,3,3,5,5,0,0,1,4,2,5,2,1,1,4,4,2,0,2,1,7,4
0.35294117647058826,0.03660881812099065,0.5555555555555556,0.75,0.6461538461538462,0.6833333333333333,0.0675,0.14180672268907563,0.1934931506849315,0.40611353711790393,0.2983606557377049,0.0,0.25323834196891193,0.0,0.6666666666666666,0.0,0.5,0.0,0.4444444444444444,0.0,0.25,0.26500857632933106,0.3885647607934656,0.0,0.0,0.23668525283599307,3,1,0,3,3,0,4,0,74,2,2,0,7,3,0,71,64,1,3,3,1,2,3,1,3,0,0,0,1,4,2,2,2,1,1,4,4,2,0,2,1,1,4
0.0,0.03216372900865155,0.4444444444444444,0.625,0.5923076923076923,0.11666666666666667,0.0,0.4842436974789916,0.1678082191780822,0.4098565190268247,0.30273224043715846,0.0,0.25712435233160624,0.5,0.3333333333333333,0.0,0.5,0.0,0.2222222222222222,0.0,0.25,0.2521440823327616,0.29171528588098017,0.0,0.0,0.21169005960392231,3,1,0,3,3,0,4,0,74,2,2,0,2,1,0,65,66,1,3,1,1,3,3,3,4,5,0,4,1,4,3,5,2,1,1,4,4,2,0,2,1,7,4
0.23529411764705882,0.03374524492441009,0.6666666666666666,0.5,0.9153846153846154,0.8166666666666667,0.18875,0.0,0.4173801369863014,0.30411728009981287,0.1901639344262295,0.7073707370737073,0.5735103626943006,0.0,0.6666666666666666,0.5,0.6666666666666666,0.0,0.5555555555555556,0.3333333333333333,0.5,0.36792452830188677,0.22403733955659277,0.0,0.0,0.3751201691982311,3,1,0,0,3,0,4,0,28,2,2,0,5,1,0,179,178,1,2,3,2,2,3,3,5,5,0,0,1,4,2,5,4,3,0,4,4,2,0,2,1,7,4
0.23529411764705882,0.0339932341064669,0.5555555555555556,0.5,0.9461538461538461,0.8833333333333333,0.0,0.26418067226890757,0.1545376712328767,0.2694946974422957,0.13879781420765028,0.4752475247524752,0.3911917098445596,0.0,0.6666666666666666,0.5,0.5,0.0,0.4444444444444444,0.0,0.5,0.5771869639794168,0.25204200700116686,0.10707456978967496,0.0,0.33185925783503173,1,1,0,0,3,0,4,0,26,2,2,0,5,1,0,179,178,1,2,3,2,2,3,3,4,5,0,0,1,4,2,5,2,1,1,4,4,2,0,2,1,7,4
0.0,0.03410085205339722,0.6666666666666666,0.5,0.9692307692307692,0.9333333333333333,0.1125,0.7006302521008403,0.11558219178082192,0.5003119151590767,0.4083788706739526,0.0,0.35103626943005184,0.5,0.6666666666666666,0.5,0.5,0.0,0.5555555555555556,0.3333333333333333,0.5,0.5660377358490566,0.14352392065344224,0.21032504780114722,0.0,0.3558930974812536,3,1,0,3,3,0,4,0,54,2,2,0,2,1,0,179,178,2,2,3,2,2,3,3,2,5,0,0,1,4,2,5,2,1,1,4,4,2,0,2,1,7,0
0.23529411764705882,0.05104366013316551,0.6666666666666666,0.5,0.9307692307692308,0.85,0.1075,0.18960084033613445,0.2577054794520548,0.30037429819089206,0.17486338797814208,0.455995599559956,0.4119170984455959,0.0,0.6666666666666666,0.5,0.5,0.0,0.4444444444444444,0.3333333333333333,0.5,0.483704974271012,0.0,0.1835564053537285,0.0,0.37800422995577776,3,1,0,3,3,0,4,0,54,2,2,0,5,1,0,179,178,1,2,3,2,2,3,3,2,5,0,0,1,4,2,5,4,1,1,4,4,2,0,2,1,7,4
0.0,0.05229296412579134,0.4444444444444444,0.5,0.5846153846153846,0.1,0.0,0.0,0.0,0.0,0.1453551912568306,0.0,0.1172279792746114,0.0,0.3333333333333333,0.0,0.3333333333333333,0.0,0.1111111111111111,0.0,0.25,0.2641509433962264,0.0,0.08604206500956023,0.0,0.1194001153624303,4,1,0,3,3,0,4,0,46,2,2,0,2,1,0,19,9,1,3,3,2,3,3,3,2,5,0,2,1,0,3,5,2,5,2,4,4,2,0,2,1,7,4
0.35294117647058826,0.08314656160659557,0.5555555555555556,0.5,0.6307692307692307,0.2,0.249375,0.35294117647058826,0.0,0.4248284466625078,0.32750455373406195,0.0,0.27914507772020725,0.5,0.3333333333333333,0.0,0.5,0.0,0.3333333333333333,0.3333333333333333,0.5,0.758147512864494,0.0,0.0,0.45652173913043476,0.2712939819265526,3,1,0,3,3,0,0,0,74,0,2,0,7,1,0,78,72,1,3,3,1,3,3,1,4,0,0,4,1,4,3,5,4,1,2,4,4,2,0,1,1,7,4
0.23529411764705882,0.03772242991966086,0.7777777777777778,0.5,0.9769230769230769,0.95,0.16875,0.0,0.634417808219178,0.4622582657517155,0.3639344262295082,0.6006600660066007,0.6651554404145078,0.0,0.6666666666666666,0.5,0.5,0.0,0.7777777777777778,0.3333333333333333,0.75,0.7444253859348199,0.0,0.2829827915869981,0.0,0.46356469909632764,3,1,0,0,3,0,4,0,54,2,2,0,5,1,0,20,20,2,2,3,2,0,3,3,5,5,0,0,1,4,0,5,2,3,0,4,4,2,0,2,1,6,5
0.35294117647058826,0.03249594093178426,0.5555555555555556,0.75,0.7461538461538462,0.75,0.02875,0.2657563025210084,0.0,0.15782907049282596,0.26557377049180325,0.0,0.22409326424870465,0.5,0.3333333333333333,0.0,0.5,0.0,0.3333333333333333,0.3333333333333333,0.5,0.4219554030874786,0.34072345390898484,0.022944550669216062,0.0,0.22322630263410884,3,1,0,0,3,0,0,0,22,2,2,0,7,1,0,71,54,1,3,3,1,2,1,0,0,5,0,4,1,4,3,5,4,1,2,4,4,2,0,1,1,7,4
0.17647058823529413,0.018594509613090084,0.4444444444444444,0.75,0.3769230769230769,0.85,0.0,0.12289915966386554,0.0,0.288833437305053,0.16138433515482695,0.0,0.25777202072538863,0.5,0.3333333333333333,0.0,0.5,0.0,0.3333333333333333,0.0,0.5,0.41509433962264153,0.0,0.0,0.0,0.18284945202845607,4,1,0,3,3,0,0,0,46,2,2,0,0,1,0,78,72,1,3,3,0,3,3,3,3,0,0,4,1,4,3,5,2,5,2,4,4,2,0,2,1,7,4
0.058823529411764705,0.017340526579293372,0.4444444444444444,0.5,0.34615384615384615,0.9,0.0,0.0,0.2910958904109589,0.21210230817217718,0.10236794171220401,0.0,0.07901554404145078,0.0,0.3333333333333333,0.0,0.3333333333333333,0.0,0.1111111111111111,0.0,0.5,0.4322469982847341,0.0,0.0,0.0,0.07325514324168429,4,1,0,2,0,0,4,0,46,0,2,0,2,1,0,78,72,1,3,3,0,1,3,3,5,5,0,2,0,2,3,5,2,5,2,4,4,0,0,2,1,7,4
0.0,0.04942939092921079,0.5555555555555556,0.625,0.7769230769230769,0.5166666666666667,0.13125,0.3088235294117647,0.2594178082191781,0.44354335620711166,0.34207650273224044,0.0,0.2920984455958549,0.0,0.6666666666666666,0.0,0.5,0.0,0.4444444444444444,0.3333333333333333,0.5,0.4939965694682676,0.3220536756126021,0.0,0.0,0.2703326283407037,3,1,0,0,3,0,4,0,19,2,2,0,2,1,0,65,66,1,3,1,1,2,3,3,2,3,0,4,1,4,2,5,4,1,0,4,4,2,0,0,1,7,4
0.23529411764705882,0.04529779757532087,0.5555555555555556,0.5,0.9,0.7833333333333333,0.0,0.375,0.03767123287671233,0.25015595757953835,0.1162112932604736,0.38998899889988997,0.32091968911917096,0.5,0.6666666666666666,0.5,0.5,0.0,0.5555555555555556,0.3333333333333333,0.5,0.3542024013722127,0.11085180863477247,0.14340344168260039,0.0,0.28859834647183236,3,1,0,0,1,0,2,0,28,2,2,0,5,1,0,179,178,1,3,3,2,2,3,0,2,5,0,2,1,4,3,5,4,1,0,4,4,2,0,2,1,7,4
0.3235294117647059,0.03216372900865155,0.4444444444444444,0.875,0.45384615384615384,0.7833333333333333,0.0,0.19852941176470587,0.1464041095890411,0.22457891453524642,0.20728597449908925,0.39603960396039606,0.5414507772020726,0.0,0.6666666666666666,0.5,0.6666666666666666,0.0,0.5555555555555556,0.3333333333333333,0.25,0.2058319039451115,0.3057176196032672,0.045889101338432124,0.0,0.2780234570274947,3,1,0,3,0,0,4,1,6,2,2,0,3,1,0,78,72,1,3,3,2,3,3,3,3,5,0,0,1,4,2,5,2,5,2,4,4,2,0,2,1,7,4
0.058823529411764705,0.025145167252326652,0.4444444444444444,0.625,0.46153846153846156,0.08333333333333333,0.0,0.21165966386554622,0.09075342465753425,0.23081721771678104,0.10746812386156648,0.0,0.08354922279792747,0.0,0.3333333333333333,0.0,0.3333333333333333,0.0,0.1111111111111111,0.3333333333333333,0.25,0.7924528301886793,0.0,0.04780114722753346,0.0,0.16458373389732744,4,1,0,3,3,0,4,0,18,2,2,0,2,1,0,179,178,1,3,3,1,3,3,3,0,4,0,0,1,4,3,5,2,5,0,0,0,2,0,2,1,7,4
0.0,0.02990375212311493,0.5555555555555556,0.75,0.7384615384615385,0.43333333333333335,0.10875,0.3944327731092437,0.1678082191780822,0.35651902682470366,0.22950819672131148,0.0,0.19203367875647667,0.5,0.3333333333333333,0.5,0.5,0.0,0.3333333333333333,0.3333333333333333,0.25,0.4322469982847341,0.43173862310385064,0.05736137667304015,0.0,0.21745818111901558,3,1,0,0,3,0,0,0,31,2,2,0,2,3,0,71,64,1,3,1,1,3,1,3,1,5,0,4,1,4,3,5,1,1,1,4,2,2,0,0,1,7,4
0.23529411764705882,0.04305653685446778,0.7777777777777778,0.5,0.9692307692307692,0.9333333333333333,0.0,0.0,0.46875,0.3415470991890206,0.22295081967213115,0.46424642464246424,0.45952072538860106,0.0,0.6666666666666666,0.5,0.5,0.0,0.5555555555555556,0.3333333333333333,0.75,0.9030874785591767,0.22403733955659277,0.09751434034416825,0.0,0.4443376273793501,1,1,0,3,3,0,4,0,26,2,2,0,5,1,0,179,178,1,2,3,2,2,3,2,5,5,0,2,1,4,2,5,2,1,1,4,4,2,0,2,1,6,5
0.0,0.17582900911945124,0.6666666666666666,0.75,0.5692307692307692,0.9166666666666666,0.0,0.11869747899159663,0.0410958904109589,0.4320024953212726,0.3205828779599271,0.0,0.27299222797927464,0.5,0.3333333333333333,0.0,0.3333333333333333,0.0,0.2222222222222222,0.6666666666666666,0.5,0.3765008576329331,0.09451575262543757,0.0,0.0,0.3972313016727552,3,1,0,0,2,0,1,2,14,2,2,0,2,0,1,39,54,1,3,3,1,2,3,1,3,2,0,0,1,4,3,4,4,1,2,4,4,2,0,2,1,7,4
0.23529411764705882,0.04790402350750284,0.7777777777777778,0.75,0.9153846153846154,0.95,0.2175,0.27521008403361347,0.2688356164383562,0.3593262632563943,0.24808743169398906,0.6083608360836084,0.5667098445595855,0.0,0.6666666666666666,0.5,0.6666666666666666,0.0,0.6666666666666666,0.3333333333333333,0.75,0.5754716981132075,0.15402567094515754,0.1089866156787763,0.0,0.49048259950009615,3,1,0,0,3,0,1,0,10,2,2,0,5,1,0,179,178,1,2,3,2,2,3,3,2,5,0,0,1,4,2,5,2,1,0,4,4,2,0,2,1,7,4
0.0,0.03777857841371146,0.5555555555555556,0.625,0.6,0.6333333333333333,0.114375,0.32563025210084034,0.0,0.3867747972551466,0.41857923497267757,0.0,0.3601036269430052,0.5,0.6666666666666666,0.0,0.5,0.0,0.3333333333333333,0.3333333333333333,0.25,0.28987993138936535,0.3372228704784131,0.0,0.0,0.20015381657373582,3,1,0,3,3,0,4,0,74,1,2,0,2,3,0,78,72,0,3,3,1,3,3,3,4,3,0,2,1,4,3,2,2,1,1,4,4,2,0,2,1,7,4
0.0,0.03176133146795559,0.4444444444444444,0.75,0.7846153846153846,0.5333333333333333,0.0,0.2867647058823529,0.11558219178082192,0.2545227698066126,0.12131147540983607,0.0,0.09585492227979274,0.0,0.3333333333333333,0.0,0.3333333333333333,0.0,0.2222222222222222,0.0,0.25,0.22641509433962265,0.19603267211201866,0.0,0.0,0.17227456258411844,3,1,0,3,3,0,0,0,16,2,2,0,2,1,0,71,3,1,3,3,1,3,3,1,0,5,0,4,1,4,3,5,2,1,2,4,4,2,0,2,1,7,4
0.17647058823529413,0.026848338238528162,0.6666666666666666,0.75,0.34615384615384615,0.95,0.0,0.0,0.4075342465753425,0.29694323144104806,0.17085610200364298,0.3278327832783278,0.3329015544041451,0.0,0.6666666666666666,0.5,0.5,0.0,0.2222222222222222,0.0,0.5,0.5763293310463122,0.08634772462077013,0.0,0.0,0.32705248990578734,3,1,0,3,3,0,4,0,19,2,2,0,0,1,0,78,72,1,2,1,0,3,3,3,5,5,1,2,0,4,0,5,2,5,2,4,4,2,0,2,1,7,4
0.0,0.03588824578067462,0.6666666666666666,0.5,0.9461538461538461,0.8833333333333333,0.0,0.0,0.6678082191780822,0.48658764815970057,0.3923497267759563,0.0,0.33678756476683935,0.0,0.6666666666666666,0.0,0.5,0.0,0.4444444444444444,0.0,0.5,0.4914236706689537,0.11668611435239207,0.28680688336520077,0.0,0.31936166121899634,3,1,0,0,3,0,4,0,16,2,2,0,2,1,0,179,178,1,2,3,2,0,3,3,5,5,0,0,1,4,2,5,2,1,0,4,4,2,0,2,1,7,4
0.0,0.08240727310159603,0.3333333333333333,0.5,0.5461538461538461,0.016666666666666666,0.0,0.06302521008403361,0.3184931506849315,0.2694946974422957,0.13879781420765028,0.0,0.11139896373056994,0.0,0.3333333333333333,0.0,0.3333333333333333,0.0,0.1111111111111111,0.0,0.5,0.34305317324185247,0.0,0.0,0.0,0.20399923091713132,3,1,0,3,3,0,0,0,28,2,2,0,2,1,0,179,178,1,3,3,1,3,3,3,3,5,0,0,1,4,3,5,2,5,2,4,4,2,0,2,1,7,4
0.0,0.06047192809249528,0.8888888888888888,0.5,0.9692307692307692,0.95,0.196875,0.0,0.9079623287671232,0.6615720524017468,0.5967213114754099,0.0,0.5184585492227979,0.0,0.6666666666666666,0.5,0.5,0.0,0.5555555555555556,0.3333333333333333,0.75,0.62778730703259,0.14469078179696615,0.18738049713193117,0.0,0.7313939626994809,3,1,0,3,3,0,4,0,35,2,2,0,2,1,0,20,20,1,0,3,2,0,3,1,5,5,0,0,1,4,0,5,0,1,0,4,4,2,0,2,1,6,5
0.23529411764705882,0.03967359008791918,0.6666666666666666,0.5,0.7461538461538462,0.45,0.186875,0.20588235294117646,0.3287671232876712,0.3618215845290081,0.24517304189435338,0.47634763476347636,0.48639896373056996,0.0,0.6666666666666666,0.5,0.6666666666666666,0.0,0.5555555555555556,0.3333333333333333,0.5,0.43310463121783876,0.33605600933488916,0.2237093690248566,0.0,0.3020572966737166,3,1,0,3,3,0,4,0,14,2,2,0,5,3,0,39,54,1,3,3,1,2,3,3,1,5,0,0,1,4,3,5,4,1,0,4,4,2,0,2,1,7,4
0.23529411764705882,0.04567212086899153,0.6666666666666666,0.625,0.8384615384615385,0.65,0.2125,0.22111344537815125,0.16523972602739725,0.25171553337492203,0.2520947176684882,0.4438943894389439,0.4734455958549223,0.0,0.6666666666666666,0.5,0.5,0.0,0.4444444444444444,0.3333333333333333,0.5,0.49313893653516294,0.0,0.16061185468451242,0.0,0.3722361084406845,3,1,0,3,3,0,4,0,24,2,2,0,5,1,0,39,54,1,2,3,1,2,3,0,2,5,0,2,1,4,2,5,4,1,0,4,4,2,0,2,1,7,4
0.0,0.026548879603591632,0.5555555555555556,0.5,0.9692307692307692,0.9333333333333333,0.0425,0.47531512605042014,0.1528253424657534,0.3936369307548347,0.2837887067395264,0.0,0.24028497409326424,0.0,0.6666666666666666,0.0,0.3333333333333333,0.0,0.2222222222222222,0.0,0.5,0.49056603773584906,0.0,0.2294455066921606,0.0,0.28859834647183236,1,1,1,3,3,0,4,0,26,2,2,0,2,1,0,179,178,2,2,3,2,2,3,3,2,5,0,2,1,4,2,5,2,1,0,4,4,2,0,2,1,6,5
0.5882352941176471,0.0165497686214141,0.6666666666666666,0.5,0.9769230769230769,0.9666666666666667,0.10375,0.47478991596638653,0.175513698630137,0.4098565190268247,0.30273224043715846,0.0,0.25712435233160624,0.5,0.6666666666666666,0.0,0.3333333333333333,0.0,0.3333333333333333,0.3333333333333333,0.5,0.5368782161234992,0.20070011668611434,0.11854684512428298,0.0,0.33185925783503173,3,1,0,3,3,0,4,0,35,2,2,3,2,1,0,179,178,2,2,3,2,2,3,3,2,5,0,0,1,4,2,5,2,1,1,4,4,2,0,2,1,5,4
0.0,0.03783472690776206,0.7777777777777778,0.5,0.9846153846153847,0.9833333333333333,0.045,0.0,0.6284246575342466,0.4578914535246413,0.3588342440801457,0.0,0.3069948186528497,0.0,0.6666666666666666,0.0,0.5,0.0,0.3333333333333333,0.3333333333333333,0.75,0.7701543739279588,0.24504084014002334,0.28680688336520077,0.0,0.40319169390501824,3,1,0,3,3,0,4,0,26,1,2,0,2,1,0,179,178,2,2,3,2,2,3,3,5,5,0,0,1,4,2,5,2,1,0,4,4,2,0,2,1,6,5
0.5882352941176471,0.03034826103434884,0.5555555555555556,0.5,0.8615384615384616,0.7,0.0,0.22584033613445378,0.4901541095890411,0.4912663755458515,0.3978142076502732,0.0,0.34164507772020725,0.5,0.6666666666666666,0.0,0.3333333333333333,0.0,0.2222222222222222,0.0,0.5,0.45368782161234994,0.0,0.0,0.09420289855072464,0.27744664487598536,3,1,0,3,3,0,4,0,24,2,2,4,2,1,0,39,3,1,2,3,2,2,3,3,2,5,0,2,1,4,2,5,2,1,1,4,4,2,0,2,1,7,4
0.8235294117647058,0.01275038719065689,0.6666666666666666,0.5,0.9692307692307692,0.95,0.0,0.0,0.2675513698630137,0.19494697442295694,0.051730418943533696,0.34378437843784376,0.23639896373056996,0.0,0.6666666666666666,0.5,0.3333333333333333,0.0,0.2222222222222222,0.0,0.5,0.4528301886792453,0.0,0.10325047801147227,0.0,0.249567390886368,1,1,1,0,3,0,4,0,26,2,2,4,5,1,0,65,66,1,2,3,2,2,3,3,5,5,0,0,1,4,2,5,2,5,1,4,4,2,0,2,1,6,5
0.17647058823529413,0.03864888007149575,0.5555555555555556,0.75,0.6307692307692307,0.5166666666666667,0.0,0.31512605042016806,0.13356164383561644,0.28446662507797876,0.21930783242258653,0.356985698569857,0.39313471502590674,0.0,0.3333333333333333,0.5,0.5,0.0,0.4444444444444444,0.3333333333333333,0.5,0.37735849056603776,0.0,0.0,0.0,0.23860796000769083,3,1,0,0,0,0,4,0,74,2,2,0,0,1,0,78,72,1,3,3,1,3,3,3,4,5,0,4,1,4,2,5,2,1,1,4,4,2,0,0,1,7,4
0.0,0.03087699268665865,0.3333333333333333,0.375,0.7,0.35,0.0,0.3224789915966387,0.10445205479452055,0.26762320648783533,0.1366120218579235,0.0,0.1094559585492228,0.0,0.3333333333333333,0.0,0.5,0.0,0.2222222222222222,0.0,0.0,0.0,0.0,0.0,0.0,0.10209575081715055,3,1,0,0,3,0,0,0,74,2,2,0,2,1,0,71,64,1,3,3,1,3,3,3,1,5,0,4,1,4,3,5,2,1,2,4,4,2,0,2,1,7,4
0.0,0.0388032884301349,0.4444444444444444,0.5,0.6692307692307692,0.2833333333333333,0.019375,0.23634453781512604,0.18493150684931506,0.27510917030567683,0.15191256830601094,0.0,0.12305699481865284,0.0,0.3333333333333333,0.0,0.5,0.0,0.2222222222222222,0.0,0.25,0.24013722126929674,0.0,0.0,0.0,0.16746779465487407,3,1,0,0,3,0,4,0,22,2,2,0,2,1,0,65,66,1,3,1,1,3,3,3,1,5,0,4,1,4,3,5,2,5,2,4,4,2,0,2,1,7,4
0.29411764705882354,0.033707812595043025,0.5555555555555556,0.75,0.2692307692307692,0.8833333333333333,0.0,0.0,0.2988013698630137,0.21771678103555833,0.07832422586520947,0.38393839383938394,0.28367875647668395,0.0,0.3333333333333333,0.0,0.5,0.0,0.4444444444444444,0.0,0.25,0.3293310463121784,0.0,0.0,0.0,0.22817727360123052,3,1,0,3,3,0,4,0,19,6,2,0,5,1,0,78,72,1,3,3,0,3,3,3,5,5,0,0,1,0,3,5,2,5,2,4,4,2,0,2,1,7,4
0.23529411764705882,0.06590429489189076,0.7777777777777778,0.5,0.9692307692307692,0.9333333333333333,0.0,0.0,0.4619006849315068,0.3365564566437929,0.21712204007285973,0.46204620462046203,0.4530440414507772,0.0,0.6666666666666666,0.5,0.5,0.0,0.5555555555555556,0.3333333333333333,0.5,0.5874785591766724,0.0,0.09751434034416825,0.0,0.3813305133628148,3,1,0,3,3,0,4,0,54,2,2,0,5,1,0,179,178,1,2,3,2,2,3,0,5,5,0,0,1,4,2,5,2,1,1,2,4,2,0,2,1,6,5
1.0,0.019469490312045257,0.4444444444444444,0.625,0.24615384615384617,0.8333333333333334,0.0,0.11029411764705882,0.2440068493150685,0.24329382407985028,0.1650273224043716,0.429042904290429,0.3873056994818653,0.5,0.6666666666666666,0.0,1.0,0.0,0.6666666666666666,0.0,0.0,0.0,0.0,0.35181644359464626,0.0,0.1941934243414728,3,1,0,3,0,0,4,0,6,2,2,1,5,1,0,179,178,1,3,0,2,3,0,3,4,5,0,0,0,4,1,5,2,1,2,4,4,0,0,2,1,7,4
0.17647058823529413,0.04624296389183928,0.4444444444444444,0.375,0.5307692307692308,0.9666666666666667,0.0,0.15336134453781514,0.20376712328767124,0.2395508421709295,0.24225865209471767,0.3124312431243124,0.3873056994818653,0.0,0.3333333333333333,0.5,0.5,0.0,0.5555555555555556,0.3333333333333333,0.25,0.24099485420240138,0.0,0.0,0.0,0.18477215920015383,3,1,0,3,3,0,4,0,31,2,2,0,0,1,0,78,72,1,3,3,1,3,3,3,3,5,0,2,1,4,3,3,2,1,2,4,4,2,0,2,1,7,4
0.23529411764705882,0.07080793003897641,0.6666666666666666,0.75,0.7461538461538462,0.7333333333333333,0.02125,0.4175420168067227,0.0,0.24797255146600125,0.3588342440801457,0.4372937293729373,0.5644430051813472,0.5,0.6666666666666666,0.5,0.5,0.0,0.6666666666666666,0.3333333333333333,0.5,0.46226415094339623,0.0,0.4780114722753346,0.0,0.3847337050567199,3,1,0,0,3,0,0,0,19,3,2,0,5,1,0,39,54,1,3,3,1,3,3,3,0,5,0,1,1,4,2,5,4,1,0,4,4,2,0,2,1,7,4
0.0,0.03777857841371146,0.5555555555555556,0.5,0.5615384615384615,0.05,0.14875,0.6748949579831933,0.05607876712328767,0.4416718652526513,0.42295081967213116,0.0,0.3639896373056995,0.5,0.3333333333333333,0.0,0.5,0.0,0.4444444444444444,0.6666666666666666,0.5,0.3584905660377358,0.12835472578763127,0.0,0.0,0.25398961738127285,3,1,0,3,3,0,4,0,74,2,2,0,2,3,0,71,64,2,3,3,1,3,3,3,2,5,0,4,1,4,3,5,2,1,0,4,4,2,0,2,1,7,4
0.35294117647058826,0.029997332946532597,0.5555555555555556,0.625,0.8,0.5666666666666667,0.0,0.43014705882352944,0.07876712328767123,0.3128509045539613,0.1894353369763206,0.0,0.1564119170984456,0.5,0.3333333333333333,0.0,0.5,0.0,0.3333333333333333,0.0,0.5,0.5042881646655232,0.14002333722287047,0.0,0.0,0.20688329167467795,3,1,0,0,3,0,1,0,16,2,2,0,7,1,0,71,64,1,3,3,1,3,3,0,2,5,0,4,1,4,3,5,2,5,2,4,4,2,0,0,1,7,4
0.17647058823529413,0.05700943762604167,0.4444444444444444,0.5,0.5384615384615384,0.0,0.0,0.22058823529411764,0.20976027397260275,0.2838427947598253,0.15555555555555556,0.3564356435643564,0.33613989637305697,0.0,0.3333333333333333,0.5,0.6666666666666666,0.0,0.3333333333333333,0.0,0.25,0.241852487135506,0.3372228704784131,0.0,0.0,0.22514900980580657,4,1,0,3,3,0,4,0,18,2,2,0,0,1,0,78,72,1,3,3,1,3,3,3,1,5,0,4,1,0,3,5,2,1,2,4,4,2,0,2,1,7,4
0.23529411764705882,0.027480008796597403,0.6666666666666666,0.5,0.9,0.8,1.0,0.34086134453781514,0.13955479452054795,0.30411728009981287,0.17923497267759564,0.5363036303630363,0.4630829015544041,0.0,0.6666666666666666,0.5,0.5,0.0,0.4444444444444444,0.3333333333333333,0.5,0.4939965694682676,0.0,0.019120458891013385,0.0,0.3924245337435109,1,1,1,0,3,0,4,0,26,2,2,0,5,3,0,179,178,1,2,3,2,2,3,3,1,5,0,0,1,4,2,5,4,5,1,4,4,2,0,2,1,7,4
0.23529411764705882,0.04760456487256631,0.5555555555555556,0.625,0.676923076923077,0.3,0.228125,0.20168067226890757,0.061215753424657536,0.21896444167186524,0.20327868852459016,0.38613861386138615,0.3960492227979275,0.0,0.3333333333333333,1.0,0.5,0.0,0.4444444444444444,0.3333333333333333,0.5,0.46226415094339623,0.2613768961493582,0.0,0.0,0.26937127475485484,3,1,0,3,3,0,4,0,19,2,2,0,5,4,0,71,1,1,2,3,1,3,3,3,0,4,0,2,1,4,3,5,2,1,2,4,4,2,0,2,1,7,4
0.0,0.05836635956559782,0.5555555555555556,0.875,0.5384615384615384,0.9,0.0,0.0,0.4674657534246575,0.3406113537117904,0.24371584699453552,0.0,0.20466321243523317,0.0,0.3333333333333333,0.0,0.5,0.0,0.3333333333333333,0.3333333333333333,0.25,0.25728987993138935,0.0,0.06883365200764818,0.0,0.23764660642184196,3,1,0,3,3,0,4,0,14,2,2,0,2,1,0,71,64,1,3,1,1,3,3,3,5,5,0,0,1,4,2,5,2,1,2,4,4,2,0,0,1,7,3
1.0,0.06655468161464352,0.4444444444444444,0.5,0.5615384615384615,0.05,0.035,0.4417016806722689,0.1386986301369863,0.36338116032439177,0.31074681238615665,0.0,0.26424870466321243,0.5,0.3333333333333333,0.0,0.3333333333333333,0.0,0.2222222222222222,0.6666666666666666,0.25,0.3216123499142367,0.0,0.0,0.0,0.23476254566429533,3,1,0,3,3,0,0,0,14,2,2,1,2,3,0,65,66,1,3,3,1,3,3,2,1,5,0,4,1,4,3,5,2,1,2,4,4,2,0,2,1,7,4
0.23529411764705882,0.06878190521198396,0.7777777777777778,0.5,0.9076923076923077,0.8166666666666667,0.0,0.14758403361344538,0.319777397260274,0.3206487835308796,0.26484517304189437,0.6831683168316832,0.6256476683937824,0.0,0.6666666666666666,0.5,0.6666666666666666,0.0,0.6666666666666666,0.3333333333333333,0.5,0.5857632933104632,0.2427071178529755,0.09560229445506692,0.0,0.44626033455104785,3,1,0,2,3,0,4,0,54,2,2,0,5,1,0,179,178,1,2,3,2,2,3,3,2,5,0,0,1,4,2,5,4,3,0,4,4,2,0,2,1,7,4
0.0,0.056981363379016374,0.6666666666666666,0.5,0.9307692307692308,0.8666666666666667,0.09375,0.0,0.6596746575342466,0.4806612601372427,0.3854280510018215,0.0,0.33063471502590674,0.0,0.6666666666666666,0.0,0.5,0.0,0.3333333333333333,0.3333333333333333,0.75,0.7229845626072041,0.5460910151691949,0.15487571701720843,0.0,0.32705248990578734,3,1,0,0,3,0,0,0,54,2,2,0,2,1,0,179,178,1,2,3,2,2,3,3,5,5,0,0,1,4,2,5,4,1,1,4,4,2,0,2,1,7,4
0.0,0.038714386647888115,0.4444444444444444,0.75,0.7076923076923077,0.36666666666666664,0.0,0.4695378151260504,0.0,0.27885215221459764,0.14972677595628414,0.0,0.1211139896373057,0.5,0.3333333333333333,0.0,0.5,0.0,0.2222222222222222,0.0,0.5,0.4734133790737564,0.29871645274212366,0.0,0.0,0.2211113247452413,3,1,0,3,3,0,0,0,54,2,2,0,2,1,0,179,178,1,3,3,2,3,3,3,0,5,0,4,1,4,3,5,2,1,2,4,4,2,0,1,1,7,0
0.3235294117647059,0.0788886341410918,0.6666666666666666,1.0,0.0,0.8666666666666667,0.0,0.0,0.6292808219178082,0.4585152838427948,0.43424408014571947,1.0,0.9627590673575129,0.0,1.0,0.0,0.5,0.0,0.7777777777777778,0.3333333333333333,0.75,0.7461406518010292,0.352392065344224,0.0,0.0,0.5000961353585849,4,1,0,3,3,0,4,0,46,2,2,0,3,1,0,20,20,1,3,3,0,3,3,3,5,5,0,0,1,4,2,5,0,1,2,4,4,2,0,2,1,7,4
0.0,0.041456304774025704,0.7777777777777778,0.5,0.9538461538461539,0.9166666666666666,0.15375,0.7689075630252101,0.22945205479452055,0.6238303181534622,0.5526411657559198,0.0,0.4792746113989637,0.5,0.6666666666666666,0.0,0.5,0.0,0.5555555555555556,0.0,0.75,0.7615780445969125,0.19603267211201866,0.0,0.0,0.5210536435300903,3,1,0,3,3,0,4,0,54,2,2,0,2,1,0,20,20,2,2,3,2,2,3,3,2,5,0,0,1,4,2,5,2,1,0,4,4,2,0,2,1,7,4
0.23529411764705882,0.05590518390971322,0.6666666666666666,0.5,0.8461538461538461,0.6833333333333333,0.15375,0.36764705882352944,0.0,0.2183406113537118,0.23278688524590163,0.6166116611661167,0.5579663212435233,0.5,0.6666666666666666,0.5,0.6666666666666666,0.0,0.5555555555555556,0.3333333333333333,0.75,0.6397941680960549,0.14819136522753792,0.0841300191204589,0.4057971014492754,0.36550663333974237,3,1,0,3,3,0,4,0,24,1,2,0,5,1,0,71,54,1,2,3,1,2,3,3,0,5,0,2,1,4,2,5,4,1,1,4,4,2,0,2,1,7,4
0.17647058823529413,0.02991778924662758,0.5555555555555556,0.75,0.3076923076923077,0.0,0.0,0.0,0.1365582191780822,0.09950093574547723,0.2010928961748634,0.20407040704070406,0.2869170984455959,0.0,0.3333333333333333,0.0,0.5,0.0,0.3333333333333333,0.0,0.0,0.0,0.0,0.27533460803059273,0.0,0.10497981157469717,4,1,0,0,3,0,4,0,18,0,2,0,0,1,0,65,66,1,3,0,1,3,3,3,5,5,0,4,1,0,1,5,2,1,2,4,4,0,0,2,1,7,4
0.058823529411764705,0.050608509304273366,0.3333333333333333,0.5,0.46153846153846156,0.0,0.0,0.13760504201680673,0.2564212328767123,0.2685589519650655,0.1377049180327869,0.0,0.11042746113989638,0.0,0.3333333333333333,0.0,0.16666666666666666,0.0,0.1111111111111111,0.0,0.5,0.46226415094339623,0.18436406067677946,0.0,0.0,0.09152086137281291,3,1,0,0,3,0,4,0,31,2,2,0,2,1,0,179,178,1,3,3,1,3,3,3,1,5,0,0,1,4,3,5,2,5,2,4,4,2,0,2,1,7,4
0.0,0.05077695478642517,0.8888888888888888,0.5,0.9461538461538461,0.9,0.0,0.6691176470588235,0.2662671232876712,0.5913911416094823,0.5322404371584699,0.0,0.46113989637305697,0.5,0.6666666666666666,0.0,0.5,0.0,0.5555555555555556,1.0,0.75,0.6072041166380789,0.2427071178529755,0.33460803059273425,0.0,0.6250721015189387,3,1,0,0,3,0,4,0,35,2,2,0,2,1,0,179,178,1,2,3,2,0,3,1,2,5,0,0,1,4,0,5,0,1,0,4,4,2,0,2,1,7,4
0.23529411764705882,0.028818214571470015,0.5555555555555556,0.5,0.8692307692307693,0.7333333333333333,0.07,0.27205882352941174,0.07662671232876712,0.21740486587648158,0.07795992714025501,0.44224422442244227,0.3176813471502591,0.0,0.6666666666666666,0.5,0.5,0.0,0.3333333333333333,0.3333333333333333,0.5,0.3602058319039451,0.22170361726954493,0.12045889101338432,0.0,0.251297827340896,3,1,0,0,3,0,4,0,28,2,2,0,5,1,0,71,64,1,3,3,2,2,3,3,0,5,0,2,1,4,2,5,4,1,0,4,4,2,0,2,1,7,4
0.0,0.030292112540298243,0.5555555555555556,0.625,0.5230769230769231,0.8666666666666667,0.0,0.35714285714285715,0.125,0.3031815346225827,0.17814207650273223,0.0,0.14637305699481865,0.5,0.3333333333333333,0.0,0.3333333333333333,0.0,0.2222222222222222,0.3333333333333333,0.25,0.2058319039451115,0.0,0.0,0.0,0.18669486637185156,3,1,0,3,3,0,4,0,74,2,2,0,2,1,0,179,178,1,3,1,1,3,3,3,0,5,0,0,1,4,3,5,2,5,2,4,4,2,0,2,1,7,4
1.0,0.02935630430612159,0.4444444444444444,0.75,0.45384615384615384,0.0,0.0,0.266281512605042,0.12243150684931507,0.24734872114784778,0.11293260473588343,0.17876787678767878,0.19365284974093264,0.5,0.3333333333333333,0.0,0.5,0.0,0.2222222222222222,0.3333333333333333,0.5,0.3516295025728988,0.0,0.0,0.0,0.1634301095943088,4,1,0,3,3,0,4,0,46,0,2,1,0,1,0,65,66,1,3,3,1,2,3,2,4,5,0,4,1,4,3,5,2,5,2,4,4,2,0,2,1,7,4
0.0,1.0,0.6666666666666666,0.5,0.6538461538461539,0.25,0.0,0.6491596638655462,0.03424657534246575,0.6662507797878977,0.5657559198542805,0.0,0.49093264248704666,1.0,0.6666666666666666,0.0,0.5,0.0,0.5555555555555556,0.6666666666666666,0.5,0.4399656946826758,0.0,0.0,0.0,0.6539127090944049,3,1,0,2,2,0,4,2,10,2,2,0,2,3,0,19,9,1,3,3,1,2,3,1,0,4,1,4,1,4,3,5,2,1,1,4,4,2,0,2,1,7,4
0.29411764705882354,0.03777857841371146,0.6666666666666666,0.75,0.34615384615384615,0.6666666666666666,0.0,0.008403361344537815,0.3047945205479452,0.22707423580786026,0.12714025500910747,0.444994499449945,0.3630181347150259,0.0,0.3333333333333333,0.5,0.5,0.0,0.3333333333333333,0.3333333333333333,0.5,0.46826758147512865,0.0,0.0,0.42391304347826086,0.2751393962699481,4,1,0,3,3,0,4,0,46,2,2,0,5,1,0,78,72,1,3,3,0,3,1,3,3,5,0,0,1,4,0,5,2,5,2,1,4,2,0,2,1,7,4
0.23529411764705882,0.029332909100267174,0.6666666666666666,0.5,0.9538461538461539,0.9166666666666666,0.0,0.22321428571428573,0.12457191780821918,0.22333125389893949,0.0848816029143898,0.39383938393839385,0.29533678756476683,0.5,0.6666666666666666,0.5,0.5,0.0,0.3333333333333333,0.3333333333333333,0.5,0.3704974271012007,0.11668611435239207,0.09751434034416825,0.0,0.2953278215727745,3,1,0,0,3,0,4,0,28,2,2,0,5,1,0,179,178,1,2,3,2,2,3,3,2,5,0,0,1,4,2,5,2,1,0,4,4,2,0,2,1,7,4
0.23529411764705882,0.05371071360056897,0.6666666666666666,0.75,0.7692307692307693,0.5,0.17375,0.3634453781512605,0.06549657534246575,0.26356830941983783,0.24408014571949,0.6600660066006601,0.5935880829015544,0.5,0.6666666666666666,0.5,0.6666666666666666,0.0,0.7777777777777778,0.3333333333333333,0.5,0.41509433962264153,0.33605600933488916,0.372848948374761,0.0,0.4328013843491636,3,1,0,0,3,0,0,0,19,2,2,0,5,1,0,20,20,1,2,3,1,2,3,3,2,5,0,4,1,4,0,5,4,1,1,4,4,2,0,0,1,7,4
0.23529411764705882,0.03497115371118151,0.7777777777777778,0.5,0.9692307692307692,0.9333333333333333,0.0,0.0,0.4657534246575342,0.3393636930754835,0.2204007285974499,0.4790979097909791,0.46599740932642486,0.0,0.6666666666666666,0.5,0.5,0.0,0.5555555555555556,0.3333333333333333,0.75,0.8790737564322469,0.2427071178529755,0.08795411089866156,0.0,0.4520284560661411,1,1,0,3,3,0,4,0,26,2,2,0,5,1,0,179,178,1,2,3,2,2,3,0,5,5,0,0,1,4,2,5,2,1,1,4,4,2,0,2,1,7,4
0.23529411764705882,0.03918229076497644,0.6666666666666666,0.5,0.8692307692307693,0.7166666666666667,0.16,0.5183823529411765,0.1541095890410959,0.4201497192763568,0.3238615664845173,0.7007700770077008,0.6884715025906736,0.5,0.6666666666666666,0.5,0.6666666666666666,0.0,0.6666666666666666,0.3333333333333333,0.75,0.5626072041166381,0.396732788798133,0.1147227533460803,0.2608695652173913,0.4328013843491636,3,1,0,3,2,0,4,1,10,2,2,0,5,1,0,71,64,1,2,3,2,2,3,1,2,5,0,0,1,4,2,5,4,1,1,4,4,2,0,2,1,7,4
0.35294117647058826,0.05890444930024939,0.6666666666666666,0.5,0.7692307692307693,0.5,0.140625,0.5441176470588235,0.14383561643835616,0.4279475982532751,0.3602914389799636,0.0,0.3082901554404145,0.5,0.6666666666666666,0.0,0.5,0.0,0.3333333333333333,0.6666666666666666,0.5,0.5042881646655232,0.2718786464410735,0.09177820267686425,0.0,0.2934051144010767,3,1,0,3,3,0,4,0,19,2,2,0,7,1,0,39,54,1,3,3,1,2,3,0,2,5,0,4,1,4,3,5,4,1,2,4,4,2,0,2,1,7,4
0.23529411764705882,0.0689363135706231,0.8888888888888888,0.5,0.9692307692307692,0.9333333333333333,0.23125,0.0,0.5346746575342466,0.3895820336868372,0.2790528233151184,0.740924092409241,0.6722797927461139,0.0,1.0,0.5,0.6666666666666666,0.0,0.6666666666666666,0.0,0.75,0.7204116638078902,0.28004667444574094,0.2944550669216061,0.0,0.5916996731397808,3,1,0,3,3,0,0,0,35,2,2,0,5,1,0,179,178,2,3,3,2,0,1,0,5,5,0,0,1,4,2,5,2,1,1,4,4,2,0,2,1,6,5
0.23529411764705882,0.04947150229974873,0.7777777777777778,0.5,0.9538461538461539,0.9,0.2425,0.509453781512605,0.07106164383561644,0.3543356207111666,0.2378870673952641,0.7326732673267327,0.6308290155440415,0.5,0.6666666666666666,0.5,0.6666666666666666,0.0,0.7777777777777778,0.3333333333333333,0.75,0.7478559176672385,0.2147024504084014,0.2944550669216061,0.0,0.6135358584887521,3,1,0,0,3,0,4,0,35,2,2,0,5,1,0,179,178,1,2,3,2,0,3,0,2,5,0,0,1,4,2,5,2,3,0,4,4,2,0,2,1,7,4
0.23529411764705882,0.041428230527000405,0.6666666666666666,0.5,0.8153846153846154,0.6166666666666667,0.1075,0.014705882352941176,0.0,0.46849656893325015,0.38979963570127507,0.6474147414741475,0.7156735751295337,0.5,0.6666666666666666,0.5,0.6666666666666666,0.0,0.5555555555555556,0.3333333333333333,0.5,0.4939965694682676,0.23453908984830804,0.1835564053537285,0.0,0.5116323783887714,3,1,0,0,3,0,4,0,24,2,2,0,5,1,0,39,54,1,2,3,1,3,3,1,3,0,0,0,1,4,2,5,4,1,0,4,4,2,0,2,1,7,4
0.0,0.020091802787772728,0.2222222222222222,0.875,0.5769230769230769,0.9166666666666666,0.0,0.13445378151260504,0.3878424657534247,0.3624454148471616,0.24772313296903462,0.0,0.20822538860103626,0.5,0.3333333333333333,0.0,0.5,0.0,0.3333333333333333,0.0,0.25,0.18867924528301888,0.16569428238039674,0.18738049713193117,0.0,0.17549509709671218,4,1,0,3,3,0,4,0,46,2,2,0,2,1,0,179,178,1,3,1,1,3,3,3,0,5,0,0,1,4,3,5,2,1,2,1,4,2,0,2,1,7,4
0.35294117647058826,0.04561597237494093,0.6666666666666666,0.75,0.6692307692307692,0.95,0.1875,0.0,0.3039383561643836,0.2214597629444791,0.5154826958105647,0.594059405940594,0.7959844559585493,0.0,0.6666666666666666,0.5,0.8333333333333334,0.0,0.8888888888888888,0.3333333333333333,0.5,0.483704974271012,0.28004667444574094,0.0,0.0,0.3981926552586041,3,1,0,3,3,0,0,0,74,4,2,0,7,4,4,78,72,1,2,1,1,2,3,3,5,5,0,0,1,4,2,5,2,3,0,4,4,2,0,2,1,7,4
0.14705882352941177,0.016254989027648454,0.4444444444444444,0.625,0.46923076923076923,0.0,0.0,0.06092436974789916,0.2585616438356164,0.22457891453524642,0.11657559198542805,0.0,0.09164507772020726,0.0,0.3333333333333333,0.0,0.3333333333333333,0.0,0.2222222222222222,0.0,0.5,0.30874785591766724,0.0,0.0,0.4420289855072464,0.10017304364545279,4,1,0,3,3,0,4,0,18,5,2,0,1,1,0,65,66,1,3,3,1,3,3,0,1,5,0,3,0,1,3,5,2,5,2,4,4,2,0,2,1,7,4
0.5882352941176471,0.04360866371263201,0.7777777777777778,0.5,0.8692307692307693,0.7166666666666667,0.0,0.8503151260504201,0.04280821917808219,0.5361821584529008,0.45027322404371584,0.0,0.38827720207253885,1.0,0.3333333333333333,0.5,0.16666666666666666,0.0,0.3333333333333333,0.6666666666666666,0.5,0.4056603773584906,0.1423570595099183,0.05736137667304015,0.0,0.5558546433378196,3,1,0,0,3,0,1,0,5,2,2,4,2,1,0,19,9,1,2,3,2,2,3,1,2,5,0,0,1,4,2,5,2,1,0,4,4,2,0,2,1,2,4
0.0,0.04713666075547799,0.5555555555555556,0.5,0.6153846153846154,0.16666666666666666,0.109375,0.2967436974789916,0.3501712328767123,0.43137866500311917,0.32786885245901637,0.0,0.27946891191709844,0.0,0.3333333333333333,0.5,0.5,0.0,0.4444444444444444,0.0,0.25,0.2504288164665523,0.0,0.08604206500956023,0.0,0.21217073639684675,3,1,0,3,3,0,4,0,74,2,2,0,2,3,0,78,72,1,3,3,1,3,3,3,4,5,0,4,1,4,3,5,2,1,1,4,4,2,0,2,1,7,4
0.3235294117647059,0.04848422461269237,0.5555555555555556,0.625,0.27692307692307694,0.7333333333333333,0.0,0.0,0.3613013698630137,0.2632563942607611,0.3504553734061931,0.378987898789879,0.5226683937823834,0.0,0.6666666666666666,0.0,0.8333333333333334,0.0,0.7777777777777778,0.0,0.5,0.37821612349914235,0.0,0.1147227533460803,0.4855072463768116,0.345318208036916,3,1,1,0,0,0,4,0,19,4,2,0,4,1,0,78,13,1,3,3,0,3,3,3,5,5,0,2,0,0,2,5,2,5,2,4,4,2,0,2,1,7,4
0.29411764705882354,0.022815004749226788,0.4444444444444444,0.5,0.3076923076923077,0.0,0.0,0.0,0.2551369863013699,0.18590143480973176,0.04116575591985428,0.3278327832783278,0.21761658031088082,0.0,0.3333333333333333,0.0,0.5,0.0,0.3333333333333333,0.0,0.25,0.1620926243567753,0.0,0.0,0.24818840579710144,0.08286867910017304,4,1,0,3,3,0,0,0,18,2,2,0,5,1,0,78,13,1,3,3,2,3,3,2,5,5,0,4,0,4,3,5,2,5,2,1,1,0,0,1,1,7,4
0.4117647058823529,0.042569916572695925,0.4444444444444444,0.375,0.6461538461538462,0.23333333333333334,0.0525,0.02100840336134454,0.6095890410958904,0.5389893948845914,0.453551912568306,0.0,0.3911917098445596,0.0,0.6666666666666666,0.0,1.0,0.5,0.7777777777777778,0.0,0.25,0.3018867924528302,0.1808634772462077,0.0,0.0,0.16169967313978081,3,1,0,0,3,0,4,0,74,2,2,2,2,1,0,71,64,1,3,3,1,3,3,3,2,4,0,4,1,4,3,5,2,5,2,4,4,2,0,2,1,7,4
0.0,0.031115623786373697,0.4444444444444444,0.625,0.6,0.7,0.0,0.44432773109243695,0.0898972602739726,0.32938240798502805,0.2087431693989071,0.0,0.17357512953367876,0.5,0.3333333333333333,0.0,0.5,0.0,0.3333333333333333,0.0,0.25,0.2641509433962264,0.0,0.0,0.0,0.20015381657373582,3,1,0,3,3,0,4,0,74,2,2,0,2,1,0,78,72,1,3,3,1,3,3,3,4,5,0,1,1,4,3,5,2,1,1,4,4,2,0,2,1,7,4
0.0,0.042714966848993306,0.7777777777777778,0.5,0.9461538461538461,0.9,0.185,0.5903361344537815,0.6862157534246576,1.0,0.4174863387978142,0.0,0.3591321243523316,0.5,0.6666666666666666,0.0,0.5,0.0,0.4444444444444444,0.3333333333333333,0.75,0.7547169811320755,0.0,0.0,0.0,0.47894635646990963,3,1,0,0,3,0,4,0,35,2,2,0,2,1,0,179,178,1,2,3,2,2,3,3,2,5,0,0,1,4,2,5,2,1,1,4,4,2,0,2,1,7,4
0.5882352941176471,0.031218562692133127,0.6666666666666666,0.5,0.9538461538461539,0.9,0.09125,0.37815126050420167,0.2731164383561644,0.42358078602620086,0.31876138433515483,0.0,0.2713730569948187,0.5,0.6666666666666666,0.0,0.3333333333333333,0.0,0.3333333333333333,0.3333333333333333,0.5,0.41509433962264153,0.22403733955659277,0.05736137667304015,0.0,0.33089790424918286,4,1,0,3,3,0,3,0,35,2,2,4,2,1,0,179,178,2,2,3,2,2,3,0,2,5,0,0,1,4,2,5,2,1,1,4,4,2,0,2,1,7,4
0.23529411764705882,0.0351676734403586,0.5555555555555556,0.5,0.9076923076923077,0.8,0.0,0.43487394957983194,0.04922945205479452,0.29413599500935744,0.16757741347905283,0.38228822882288227,0.36204663212435234,0.5,0.6666666666666666,0.5,0.5,0.0,0.4444444444444444,0.6666666666666666,0.5,0.40480274442538594,0.11668611435239207,0.07265774378585087,0.0,0.3020572966737166,3,1,0,0,3,0,4,0,28,2,2,0,5,1,0,179,178,1,3,3,2,2,3,1,2,5,0,2,1,4,3,5,4,1,0,4,4,2,0,2,1,7,4
1.0,0.7633107023708702,0.4444444444444444,0.625,0.6538461538461539,0.25,0.0,0.6559873949579832,0.04409246575342466,0.46756082345601996,0.41384335154826957,0.09185918591859187,0.4099740932642487,1.0,0.6666666666666666,0.0,0.5,0.0,0.4444444444444444,0.6666666666666666,0.5,0.45368782161234994,0.7817969661610268,0.0,0.0,0.3731013266679485,3,0,0,0,1,0,0,2,10,2,2,1,0,1,0,39,54,1,3,3,1,3,3,1,0,1,0,0,1,4,3,5,2,1,0,4,4,2,0,2,1,7,4
0.0,0.05910096902942649,0.8888888888888888,0.5,0.9615384615384616,0.9333333333333333,0.125,0.6559873949579832,0.2880993150684932,0.5995009357454772,0.5242258652094718,0.0,0.4540155440414508,0.5,0.6666666666666666,0.0,0.5,0.0,0.5555555555555556,0.3333333333333333,0.75,0.5797598627787307,0.20770128354725786,0.09751434034416825,0.0,0.6585771966929437,3,1,0,0,1,0,0,0,8,2,2,0,2,3,0,179,178,2,2,3,2,0,3,1,2,5,0,0,1,4,2,5,2,1,0,4,4,2,0,2,1,7,4
0.0,0.035602824269250745,0.6666666666666666,0.5,0.9384615384615385,0.8833333333333333,0.070625,0.4254201680672269,0.3107876712328767,0.479101684341859,0.3836065573770492,0.0,0.3290155440414508,0.5,0.6666666666666666,0.0,0.5,0.0,0.4444444444444444,0.0,0.5,0.4562607204116638,0.22403733955659277,0.14149139579349904,0.0,0.3443568544510671,3,1,0,3,3,0,4,0,54,2,2,0,2,1,0,179,178,1,2,3,2,2,3,0,2,5,0,0,1,4,2,5,2,1,1,4,4,2,0,2,1,7,4
0.0,0.05904482053537589,0.6666666666666666,0.75,0.8,0.8,0.0,0.11186974789915967,0.4259417808219178,0.3767935121646912,0.4145719489981785,0.0,0.35654145077720206,0.5,0.6666666666666666,0.0,0.5,0.0,0.5555555555555556,0.0,0.5,0.37735849056603776,0.12602100350058343,0.08604206500956023,0.0,0.322245721976543,3,1,0,3,3,0,0,0,19,2,2,0,2,1,0,78,72,1,2,3,1,2,3,2,0,5,0,0,1,4,2,5,2,1,1,4,4,2,0,2,1,7,4
0.0,0.0508798936921846,0.5555555555555556,0.75,0.6,0.8,0.11,0.3072478991596639,0.2696917808219178,0.3789769182782283,0.26666666666666666,0.0,0.22506476683937823,0.0,0.3333333333333333,0.0,0.5,0.0,0.3333333333333333,0.0,0.25,0.25471698113207547,0.0,0.0,0.0,0.23091713132089983,3,1,0,0,3,0,4,0,74,1,2,0,2,3,0,78,72,1,3,3,1,3,0,3,4,5,0,4,1,0,3,5,2,1,2,4,4,2,0,2,1,7,4
0.23529411764705882,0.05926005642923652,0.7777777777777778,0.5,0.9384615384615385,0.8666666666666667,0.0,0.0,0.4139554794520548,0.301621958827199,0.18579234972677597,0.5033003300330033,0.4494818652849741,0.0,0.6666666666666666,0.5,0.6666666666666666,0.0,0.6666666666666666,0.0,0.5,0.36963979416809606,0.15752625437572929,0.0,0.0,0.32301480484522205,3,1,0,3,3,0,4,0,10,2,2,0,5,1,0,179,178,1,2,3,2,2,3,3,5,5,0,0,1,4,2,5,2,1,0,4,4,2,0,2,1,7,4
0.0,0.03216372900865155,0.3333333333333333,0.375,0.5384615384615384,0.0,0.0,0.0,0.3086472602739726,0.22489082969432314,0.13041894353369762,0.0,0.10395077720207253,0.0,0.3333333333333333,0.0,0.3333333333333333,0.0,0.1111111111111111,0.0,0.25,0.2521440823327616,0.29171528588098017,0.0,0.043478260869565216,0.09055950778696405,2,1,0,3,3,0,4,0,24,1,2,0,2,1,0,78,6,1,1,0,1,3,0,3,5,5,0,2,1,4,3,5,2,4,2,4,4,0,0,2,1,7,4
0.4117647058823529,0.032837510937258736,0.2222222222222222,0.375,0.5307692307692308,0.0,0.2125,0.0,0.0,0.0,0.2029143897996357,0.0,0.16839378238341968,0.0,0.6666666666666666,0.0,0.3333333333333333,0.5,0.3333333333333333,0.0,0.5,0.34305317324185247,0.0,0.0,0.0,0.10113439723130167,3,1,0,3,3,0,4,0,74,2,2,2,2,1,0,11,12,1,3,3,3,3,3,3,2,5,3,1,0,0,3,5,2,5,2,4,4,2,0,2,1,7,4
0.5882352941176471,0.03426461849437813,0.8888888888888888,0.5,0.9615384615384616,0.9166666666666666,0.385,0.014705882352941176,0.708904109589041,0.5252651278852152,0.43752276867030965,0.0,0.37694300518134716,0.0,0.6666666666666666,0.0,0.3333333333333333,0.0,0.3333333333333333,0.3333333333333333,0.5,0.483704974271012,0.5775962660443408,0.13766730401529637,0.0,0.4443376273793501,3,1,0,0,3,0,4,0,35,2,2,4,2,3,0,65,66,1,0,3,2,0,3,3,2,5,0,0,1,4,0,5,0,1,1,4,4,2,0,2,1,7,4
0.8235294117647058,0.004987857888161558,0.4444444444444444,0.25,0.7384615384615385,0.43333333333333335,0.0,0.06775210084033613,0.07491438356164383,0.1671865252651279,0.019307832422586522,0.31683168316831684,0.19170984455958548,0.0,0.3333333333333333,0.5,0.5,0.0,0.1111111111111111,0.0,0.25,0.2881646655231561,0.21236872812135357,0.0,0.0,0.0963276293020573,4,1,0,3,3,0,4,0,7,2,2,4,5,1,0,20,20,1,3,3,1,2,3,3,4,1,0,4,1,4,3,5,2,1,2,4,4,2,0,2,1,7,4
0.17647058823529413,0.022969413107865936,0.5555555555555556,0.5,0.45384615384615384,0.0,0.0,0.0,0.4160958904109589,0.3031815346225827,0.17814207650273223,0.3327832783278328,0.34229274611398963,0.0,0.3333333333333333,0.0,0.5,0.0,0.3333333333333333,0.3333333333333333,0.25,0.26758147512864494,0.0,0.0,0.0,0.2024610651797731,3,1,0,3,3,0,4,0,19,6,2,0,0,1,0,65,66,1,3,3,0,3,3,3,5,5,0,2,1,4,1,5,2,5,2,4,4,2,0,2,1,7,4
0.0,0.05262049700775317,0.5555555555555556,0.875,0.6153846153846154,0.8,0.0,0.2615546218487395,0.1969178082191781,0.29881472239550844,0.17304189435336975,0.0,0.14183937823834197,0.0,0.3333333333333333,0.0,0.3333333333333333,0.0,0.2222222222222222,0.0,0.25,0.258147512864494,0.0,0.0,0.0,0.2241876562199577,3,1,0,0,3,0,1,0,74,2,2,0,2,3,0,65,66,1,3,1,1,3,3,2,1,5,0,4,1,4,3,5,2,1,1,4,4,2,0,2,0,7,4
0.0,0.07521090778077756,0.5555555555555556,0.5,0.6153846153846154,0.16666666666666666,0.01875,0.667016806722689,0.08904109589041095,0.4610106051154086,0.36247723132969034,0.0,0.31023316062176165,0.5,0.6666666666666666,0.0,0.5,0.0,0.3333333333333333,0.6666666666666666,0.5,0.42710120068610635,0.0,0.07648183556405354,0.0,0.2357238992501442,3,1,0,0,3,0,4,0,74,2,2,0,2,1,0,78,72,1,3,3,1,3,3,3,1,5,0,0,1,0,3,5,2,1,2,4,4,2,0,2,1,7,4
0.8235294117647058,0.004314075959554368,0.6666666666666666,0.5,0.9461538461538461,0.9,0.06625,0.3009453781512605,0.08176369863013698,0.23830318153462257,0.10236794171220401,0.47414741474147415,0.358160621761658,0.5,0.6666666666666666,0.5,0.3333333333333333,0.0,0.3333333333333333,0.0,0.5,0.4065180102915952,0.0,0.05162523900573614,0.0,0.22899442414920207,3,1,0,3,3,0,4,0,35,2,2,3,5,1,0,179,13,2,2,3,2,2,3,3,2,5,0,0,1,4,2,5,2,3,1,4,4,2,0,2,1,7,4
0.23529411764705882,0.08845727333554808,0.8888888888888888,0.5,0.9615384615384616,0.9333333333333333,0.54375,0.740546218487395,0.1875,0.5764192139737991,0.4972677595628415,0.48404840484048406,0.7150259067357513,0.5,0.6666666666666666,0.5,0.6666666666666666,0.0,0.7777777777777778,0.6666666666666666,0.75,0.6054888507718696,0.0,0.0,0.0,0.7734166506441069,3,1,0,1,3,0,4,0,35,2,2,0,5,3,0,20,20,1,0,3,2,0,3,3,2,5,0,0,1,4,0,5,0,1,0,4,4,2,0,2,1,6,5
0.5882352941176471,0.029449885129539256,0.8888888888888888,0.5,0.9769230769230769,0.95,0.22625,0.0,0.8000856164383562,0.5829694323144105,0.5049180327868853,0.0,0.4368523316062176,0.0,0.6666666666666666,0.0,0.3333333333333333,0.0,0.3333333333333333,0.3333333333333333,0.5,0.5291595197255574,0.24504084014002334,0.10325047801147227,0.0,0.5444356854451067,3,1,0,0,3,0,4,0,35,2,2,4,2,3,0,65,66,1,0,3,2,0,3,3,5,5,0,0,1,4,0,5,2,1,1,4,4,2,0,2,1,6,5
0.5882352941176471,0.01752300918495782,0.6666666666666666,0.5,0.8153846153846154,0.6,0.0,0.5682773109243697,0.15881849315068494,0.45321272613849034,0.3533697632058288,0.0,0.3021373056994819,0.5,0.3333333333333333,0.5,0.3333333333333333,0.0,0.3333333333333333,0.3333333333333333,0.5,0.3816466552315609,0.0,0.15296367112810708,0.0,0.2982118823303211,3,1,0,0,2,0,4,1,14,2,2,0,2,1,0,78,72,1,3,3,2,2,3,1,2,5,0,2,1,4,2,5,4,1,1,4,4,2,0,2,1,7,0
0.17647058823529413,0.0353641931695357,0.4444444444444444,0.625,0.46923076923076923,0.0,0.0,0.12394957983193278,0.0,0.19213973799126638,0.04845173041894353,0.2722772277227723,0.19138601036269431,0.0,0.3333333333333333,0.0,0.5,0.0,0.2222222222222222,0.0,0.25,0.17152658662092624,0.056009334889148193,0.0,0.0,0.1155547010190348,3,1,0,3,3,0,4,0,31,0,2,0,0,1,0,179,178,1,3,3,1,3,0,2,3,4,0,4,0,4,3,5,2,5,2,4,1,2,0,2,1,5,4
0.058823529411764705,0.03272521394915754,0.5555555555555556,0.875,0.36923076923076925,0.8833333333333333,0.0,0.0,0.2671232876712329,0.19463505926388022,0.08633879781420765,0.0,0.06476683937823834,0.0,0.3333333333333333,0.0,0.3333333333333333,0.0,0.2222222222222222,0.0,0.5,0.41509433962264153,0.12368728121353559,0.0,0.0,0.13651220919054027,4,1,0,3,3,0,4,0,46,2,2,0,2,1,0,179,178,1,3,1,0,3,3,3,5,5,0,2,1,4,3,5,2,5,2,4,4,2,0,2,1,7,4
0.17647058823529413,0.03216372900865155,0.5555555555555556,0.5,0.46153846153846156,0.8333333333333334,0.0,0.20378151260504201,0.2363013698630137,0.29320024953212726,0.258287795992714,0.22167216721672167,0.3481217616580311,0.0,0.3333333333333333,0.0,0.3333333333333333,0.0,0.3333333333333333,0.6666666666666666,0.25,0.2058319039451115,0.0,0.0,0.1956521739130435,0.20207652374543358,3,1,0,3,0,0,4,0,6,2,2,0,0,1,0,78,66,1,3,3,1,3,3,3,3,5,0,0,1,4,3,5,2,1,2,4,4,2,0,2,1,7,4
0.0,0.04549431730449796,0.5555555555555556,0.5,0.8846153846153846,0.75,0.0,0.17542016806722688,0.13784246575342465,0.37429819089207733,0.2612021857923497,0.0,0.22020725388601037,0.5,0.6666666666666666,0.0,0.5,0.0,0.3333333333333333,0.0,0.5,0.4468267581475129,0.0,0.0497131931166348,0.0,0.27417804268409923,3,1,0,1,3,0,4,0,54,2,2,0,2,1,0,179,178,1,2,1,2,2,1,3,0,1,0,0,1,4,2,5,2,1,1,4,4,2,0,2,1,7,4
0.0,0.03613155592156055,0.5555555555555556,0.625,0.8615384615384616,0.7,0.06625,0.29411764705882354,0.2559931506849315,0.36119775421085465,0.24918032786885247,0.0,0.20952072538860103,0.5,0.6666666666666666,0.0,0.5,0.0,0.3333333333333333,0.0,0.5,0.34305317324185247,0.14002333722287047,0.0497131931166348,0.0,0.2655258604114593,3,1,0,0,3,0,4,0,28,2,2,0,2,1,0,71,64,1,3,3,2,2,3,3,2,5,0,2,1,4,2,5,2,1,1,4,4,2,0,2,1,7,4
0.5882352941176471,0.012624053079043043,0.4444444444444444,0.5,0.7384615384615385,0.43333333333333335,0.0,0.45903361344537813,0.11472602739726027,0.35620711166562696,0.2400728597449909,0.0,0.20142487046632124,0.5,0.3333333333333333,0.5,0.5,0.0,0.3333333333333333,0.3333333333333333,0.5,0.4528301886792453,0.6254375729288215,0.17208413001912046,0.0,0.19054028071524706,4,1,0,3,3,0,4,0,7,2,2,4,2,1,0,20,20,1,3,3,2,2,3,3,0,5,0,4,1,4,3,5,3,1,0,4,4,2,0,2,1,7,4
0.35294117647058826,0.02528553848745315,0.4444444444444444,0.375,0.6,0.13333333333333333,0.075,0.15756302521008403,0.20034246575342465,0.3312538989394885,0.31657559198542806,0.0,0.2694300518134715,0.0,0.3333333333333333,0.0,0.5,0.0,0.3333333333333333,0.0,0.25,0.2469982847341338,0.19603267211201866,0.0,0.532608695652174,0.18284945202845607,3,1,0,0,3,0,4,0,14,2,2,0,7,3,0,78,3,1,3,3,1,3,3,0,1,4,0,0,1,1,2,3,2,3,2,4,4,2,0,2,1,7,0
0.23529411764705882,0.04905974667671101,0.7777777777777778,0.5,0.9076923076923077,0.8,0.33125,0.5021008403361344,0.05565068493150685,0.33873986275733,0.21967213114754097,0.46094609460946095,0.45466321243523317,0.5,0.6666666666666666,0.5,0.5,0.0,0.4444444444444444,0.3333333333333333,0.5,0.5077186963979416,0.2427071178529755,0.14340344168260039,0.0,0.47125552778311863,3,1,0,0,3,0,1,0,10,2,2,0,5,1,0,179,178,1,2,3,2,2,3,0,2,5,0,0,1,4,2,5,4,1,1,4,4,2,0,2,1,7,4
0.38235294117647056,0.028139753601691943,0.5555555555555556,0.625,0.7538461538461538,0.4666666666666667,0.0,0.4059873949579832,0.04922945205479452,0.27698066126013726,0.15628415300546447,0.0,0.12694300518134716,0.5,0.3333333333333333,0.0,0.3333333333333333,0.0,0.2222222222222222,0.3333333333333333,0.5,0.40308747855917665,0.0,0.0,0.0,0.23283983849259757,3,1,0,0,3,0,1,0,16,2,2,0,6,1,0,179,178,1,3,3,1,2,3,0,2,5,0,0,1,4,3,5,4,1,1,4,4,2,0,2,1,7,4
0.17647058823529413,0.0356449356397887,0.4444444444444444,0.5,0.46153846153846156,0.5333333333333333,0.0,0.20955882352941177,0.2071917808219178,0.2754210854647536,0.18397085610200364,0.28437843784378436,0.31897668393782386,0.5,0.3333333333333333,0.0,0.5,0.0,0.5555555555555556,0.0,0.25,0.2058319039451115,0.0,0.0,0.0,0.21169005960392231,3,1,1,3,3,0,4,0,19,2,2,0,0,1,0,65,66,1,3,3,1,3,3,3,4,5,0,2,1,4,3,5,2,5,2,4,4,0,0,2,1,7,4
0.38235294117647056,0.027021462761850842,0.6666666666666666,0.5,0.9461538461538461,0.8833333333333333,0.3125,0.0,0.0,0.0,0.004371584699453552,0.7849284928492849,0.4540155440414508,0.0,1.0,0.0,0.6666666666666666,0.0,0.4444444444444444,0.3333333333333333,0.5,0.5763293310463122,0.0,0.0,0.32065217391304346,0.31455489328975195,3,1,0,3,3,0,0,0,31,2,2,0,6,1,0,71,64,1,2,3,3,3,3,3,2,5,0,0,1,4,2,5,0,3,1,4,4,2,0,2,1,3,4
0.8235294117647058,0.0007205723403160225,0.5555555555555556,0.875,0.7076923076923077,0.95,0.31875,0.08508403361344538,0.13741438356164384,0.15065502183406113,0.0,0.27722772277227725,0.15123056994818654,0.0,0.3333333333333333,0.5,0.3333333333333333,0.0,0.2222222222222222,0.0,0.25,0.22641509433962265,0.29171528588098017,0.0,0.0,0.15977696596808305,4,1,0,3,3,0,4,0,7,2,2,3,5,1,0,71,64,1,3,3,1,3,3,3,0,5,0,2,1,4,2,5,2,5,2,4,4,2,0,2,1,7,4
0.23529411764705882,0.08082575718583748,0.5555555555555556,0.5,0.7384615384615385,0.43333333333333335,0.075,0.3739495798319328,0.03595890410958904,0.24828446662507797,0.11183970856102003,0.4312431243124312,0.34132124352331605,0.5,0.6666666666666666,0.5,0.5,0.0,0.3333333333333333,0.3333333333333333,0.5,0.4854202401372213,0.3570595099183197,0.21223709369024857,0.0,0.2982118823303211,3,1,0,0,3,0,2,0,19,2,2,0,5,1,0,71,64,1,3,3,2,2,3,2,2,5,0,4,1,4,3,5,4,1,0,4,4,2,0,2,1,7,4
0.29411764705882354,0.04287873328997422,0.4444444444444444,0.75,0.3076923076923077,0.7833333333333333,0.0,0.23949579831932774,0.09246575342465753,0.2096069868995633,0.06885245901639345,0.3696369636963696,0.266839378238342,0.0,0.3333333333333333,0.0,0.5,0.0,0.3333333333333333,0.0,0.25,0.4013722126929674,0.0,0.2447418738049713,0.39492753623188404,0.2155354739473178,4,1,0,3,3,0,4,0,18,2,2,0,5,3,0,179,178,1,3,1,1,3,0,3,4,5,0,2,1,0,3,5,2,5,2,4,1,2,0,2,1,7,4
0.0,0.03731067429662314,0.5555555555555556,0.5,0.6384615384615384,0.21666666666666667,0.154375,0.31985294117647056,0.3360445205479452,0.43480973175296317,0.3318761384335155,0.0,0.28303108808290156,0.5,0.3333333333333333,0.5,0.5,0.0,0.3333333333333333,0.6666666666666666,0.5,0.44082332761578047,0.0,0.14531548757170173,0.0,0.23860796000769083,3,1,0,0,3,0,4,0,74,2,2,0,2,1,0,39,54,1,3,3,1,2,3,3,1,5,0,2,1,4,3,5,2,1,1,4,4,2,0,2,1,7,4
0.35294117647058826,0.035673009886813996,0.5555555555555556,0.5,0.6307692307692307,0.2,0.190625,0.1948529411764706,0.3116438356164384,0.34279475982532753,0.3453551912568306,0.0,0.29501295336787564,0.0,0.3333333333333333,0.0,0.5,0.0,0.3333333333333333,0.3333333333333333,0.25,0.2538593481989708,0.07467911318553092,0.21032504780114722,0.0,0.2501442030378773,3,1,0,0,3,0,0,0,74,2,2,0,7,1,3,39,54,1,3,3,1,2,3,1,2,5,0,2,1,4,3,5,2,2,1,4,4,2,0,2,1,7,4
0.0,0.02935630430612159,0.4444444444444444,0.625,0.5692307692307692,0.06666666666666667,0.125,0.28361344537815125,0.3116438356164384,0.39550842170929507,0.2859744990892532,0.0,0.2422279792746114,0.0,0.3333333333333333,0.0,0.3333333333333333,0.0,0.4444444444444444,0.3333333333333333,0.25,0.20926243567753003,0.0,0.18738049713193117,0.0,0.18669486637185156,3,1,0,3,3,0,4,0,74,2,2,0,2,1,0,71,64,1,3,3,2,3,3,3,3,5,0,2,1,4,3,5,2,1,0,4,4,2,0,2,1,7,4
0.0,0.03885475788301461,0.4444444444444444,0.75,0.6076923076923076,0.9333333333333333,0.0,0.037815126050420166,0.3137842465753425,0.33156581409856517,0.292896174863388,0.0,0.24838082901554404,0.5,0.3333333333333333,0.0,0.5,0.0,0.4444444444444444,0.3333333333333333,0.5,0.4939965694682676,0.42473745624270715,0.032504780114722756,0.0,0.2443760815227841,3,1,0,0,3,0,0,0,74,2,2,0,2,1,0,78,72,1,3,1,1,3,3,3,0,4,0,0,1,4,2,5,2,5,0,4,4,2,0,2,1,7,4
0.23529411764705882,0.030858276521975116,0.5555555555555556,0.5,0.9230769230769231,0.8333333333333334,0.0,0.0,0.4079623287671233,0.29725514660012475,0.17122040072859745,0.3910891089108911,0.3704663212435233,0.0,0.6666666666666666,0.5,0.5,0.0,0.4444444444444444,0.3333333333333333,0.5,0.39451114922813035,0.11668611435239207,0.07648183556405354,0.0,0.2643722361084407,3,1,0,0,3,0,4,0,28,2,2,0,5,1,0,179,178,1,3,3,2,2,3,3,5,5,0,0,1,4,3,5,4,1,1,4,4,2,0,2,1,7,4
0.17647058823529413,0.0729649680187536,0.3333333333333333,0.375,0.6076923076923076,0.15,0.0,0.0,0.0,0.0,0.23205828779599272,0.25742574257425743,0.34585492227979275,0.0,0.6666666666666666,0.0,0.6666666666666666,0.0,0.4444444444444444,0.3333333333333333,0.5,0.5831903945111492,0.0,0.11281070745697896,0.0,0.1913708902134205,3,1,0,3,3,0,4,0,14,1,2,0,0,1,0,11,54,1,3,3,1,3,3,3,2,5,0,4,1,4,3,3,2,5,0,4,4,0,0,2,1,7,4
0.5882352941176471,0.02643190357431955,0.5555555555555556,0.5,0.8,0.5666666666666667,0.0,0.3272058823529412,0.0,0.23206487835308795,0.09799635701275046,0.0,0.07512953367875648,0.5,0.3333333333333333,0.0,0.3333333333333333,0.0,0.1111111111111111,0.0,0.25,0.22641509433962265,0.411901983663944,0.0,0.0,0.1732359161699673,3,1,0,3,3,0,4,0,24,2,2,4,2,1,0,39,54,1,3,3,1,2,3,3,0,3,0,4,1,4,3,5,2,1,2,4,4,2,0,2,1,7,4
0.0,0.042616706984404756,0.4444444444444444,0.625,0.5615384615384615,0.05,0.0,0.22478991596638656,0.0,0.18964441671865254,0.30455373406193076,0.0,0.25874352331606215,0.5,0.3333333333333333,0.0,0.5,0.0,0.2222222222222222,0.0,0.25,0.23156089193825044,0.07701283547257877,0.0,0.0,0.1693905018265718,3,1,0,3,3,0,4,0,74,2,2,0,2,1,0,65,66,1,3,3,2,3,3,3,1,3,0,4,1,4,3,3,2,1,2,4,4,2,0,1,1,7,4
0.23529411764705882,0.031227920774474893,0.6666666666666666,0.5,0.9461538461538461,0.9,0.0,0.0,0.3625856164383562,0.26419213973799127,0.13260473588342442,0.5946094609460946,0.45595854922279794,0.0,0.6666666666666666,0.5,0.6666666666666666,0.0,0.5555555555555556,0.3333333333333333,0.5,0.37221269296740994,0.11668611435239207,0.09177820267686425,0.0,0.3549317438954047,3,1,0,3,3,0,4,0,54,2,2,0,5,1,0,179,178,1,2,3,2,2,3,3,5,5,0,0,1,4,2,5,2,3,0,4,4,2,0,2,1,7,4
0.058823529411764705,0.03974377570548243,0.0,0.0,0.3230769230769231,0.0,0.0,0.18382352941176472,0.1425513698630137,0.21303805364940737,0.1533697632058288,0.0,0.12435233160621761,0.5,0.0,0.5,0.16666666666666666,0.0,0.1111111111111111,0.0,0.0,0.0,0.0,0.0,0.0,0.050182657181311284,3,1,0,0,2,0,4,2,31,2,2,0,2,1,0,78,72,1,1,0,0,1,2,1,1,5,0,2,0,0,1,0,2,1,2,4,4,2,0,2,1,7,4
0.38235294117647056,0.03425058137086548,0.4444444444444444,0.5,0.8923076923076924,0.7666666666666667,0.0,0.1565126050420168,0.24486301369863014,0.2713661883967561,0.1570127504553734,0.0,0.12759067357512954,0.0,0.3333333333333333,0.0,0.3333333333333333,0.0,0.2222222222222222,0.0,0.5,0.4939965694682676,0.0,0.0,0.0,0.21745818111901558,3,1,0,0,3,0,1,0,54,2,2,0,6,1,0,179,178,1,2,3,2,2,3,0,2,5,0,0,1,4,3,5,2,5,2,4,4,2,0,2,1,7,4
0.23529411764705882,0.04499833894038434,0.7777777777777778,0.5,0.9538461538461539,0.9166666666666666,0.0,0.0,0.6763698630136986,0.4928259513412352,0.39963570127504555,0.48734873487348734,0.6301813471502591,0.0,1.0,0.0,0.6666666666666666,0.0,0.5555555555555556,0.3333333333333333,0.5,0.5231560891938251,0.1855309218203034,0.4091778202676864,0.0,0.5866179580849836,1,1,0,0,3,0,0,0,26,2,2,0,5,1,0,20,20,1,2,3,2,2,3,3,5,5,0,0,1,4,2,5,2,1,1,4,4,2,0,2,1,7,4
0.0,0.04617277827427604,0.8888888888888888,0.125,1.0,1.0,0.21875,0.7589285714285714,0.1759417808219178,0.578914535246413,0.5001821493624772,0.0,0.4326424870466321,0.5,0.3333333333333333,0.5,0.16666666666666666,0.0,0.5555555555555556,0.3333333333333333,0.75,0.7152658662092625,0.13185530921820304,0.0,0.0,0.6912747548548356,3,1,0,3,3,0,0,0,8,2,2,0,2,3,0,179,178,2,2,3,2,0,3,0,2,5,0,0,1,4,0,5,0,1,0,4,4,2,0,2,1,6,5
0.23529411764705882,0.030867634604316883,0.5555555555555556,0.5,0.9230769230769231,0.8333333333333334,0.01,0.0,0.4203767123287671,0.30630068621335,0.19089253187613844,0.4361936193619362,0.41450777202072536,0.0,0.6666666666666666,0.5,0.5,0.0,0.4444444444444444,0.3333333333333333,0.5,0.39708404802744424,0.11668611435239207,0.12045889101338432,0.0,0.27706210344164584,3,1,0,0,3,0,4,0,28,6,2,0,5,1,0,179,178,1,3,3,2,2,3,3,5,5,0,0,1,4,3,5,4,1,0,4,4,2,0,2,1,7,4
0.17647058823529413,0.016254989027648454,0.4444444444444444,0.625,0.3384615384615385,0.0,0.0,0.11449579831932773,0.3458904109589041,0.3200249532127261,0.19781420765027322,0.3657865786578658,0.3792098445595855,0.0,0.6666666666666666,0.0,0.5,0.0,0.3333333333333333,0.3333333333333333,0.25,0.2641509433962264,0.0,0.0,0.4384057971014493,0.1770813305133628,3,1,1,3,3,0,4,0,6,2,2,0,0,1,0,19,72,1,3,3,0,3,3,3,3,5,0,4,1,4,2,5,2,5,2,4,4,2,0,2,1,7,4
0.0,0.026548879603591632,0.6666666666666666,0.5,0.9692307692307692,0.9333333333333333,0.0,0.0,0.5535102739726028,0.40330630068621337,0.29799635701275046,0.0,0.25291450777202074,0.5,0.6666666666666666,0.0,0.3333333333333333,0.0,0.2222222222222222,0.3333333333333333,0.5,0.49056603773584906,0.25204200700116686,0.23135755258126195,0.0,0.29388579119400116,1,1,1,3,3,0,4,0,26,2,2,0,2,1,0,179,178,1,2,3,2,2,1,3,5,5,0,0,1,4,2,5,2,1,1,4,4,2,0,2,1,6,5
0.23529411764705882,0.03611751879804791,0.6666666666666666,0.5,0.9692307692307692,0.9333333333333333,0.0,0.0,0.4019691780821918,0.2928883343730505,0.16612021857923498,0.47194719471947194,0.41353626943005184,0.0,0.6666666666666666,0.5,0.5,0.0,0.5555555555555556,0.0,0.5,0.5480274442538593,0.16802800466744458,0.10133843212237094,0.0,0.34339550086521825,3,1,0,0,3,0,4,0,54,2,2,0,5,1,0,179,178,1,2,3,2,2,3,0,5,5,0,0,1,4,2,5,2,1,1,4,4,2,0,2,1,7,4
0.14705882352941177,0.03497115371118151,0.5555555555555556,0.25,0.36923076923076925,0.0,0.0,0.0,0.3356164383561644,0.2445414847161572,0.10965391621129326,0.0,0.08549222797927461,0.0,0.3333333333333333,0.0,0.3333333333333333,0.0,0.2222222222222222,0.0,0.5,0.30874785591766724,0.0,0.0,0.16485507246376813,0.07902326475677754,2,1,0,3,3,0,0,0,24,2,2,0,1,1,0,78,72,1,3,3,0,1,0,3,5,5,0,4,0,0,3,5,2,5,2,1,1,0,0,2,1,7,4
0.23529411764705882,0.24134962263532958,0.5555555555555556,0.5,0.8615384615384616,0.7,0.0,0.5173319327731093,0.254708904109589,0.4928259513412352,0.21712204007285973,0.4807480748074808,0.4640544041450777,0.5,0.6666666666666666,0.5,0.5,0.0,0.6666666666666666,0.6666666666666666,0.5,0.42967409948542024,0.25204200700116686,0.4416826003824092,0.0,0.3943472409152086,3,1,0,1,2,0,0,1,14,1,2,0,5,1,0,71,64,1,2,3,2,2,3,0,2,5,0,0,1,4,2,5,1,1,0,4,4,2,0,2,1,7,4
0.5882352941176471,0.007748492178982683,0.7777777777777778,0.5,0.9538461538461539,0.9166666666666666,0.01,0.012605042016806723,0.5273972602739726,0.3917654398003743,0.2863387978142076,0.0,0.2425518134715026,0.0,0.6666666666666666,0.0,0.3333333333333333,0.0,0.3333333333333333,0.3333333333333333,0.5,0.3687821612349914,0.17036172695449242,0.03824091778202677,0.0,0.3020572966737166,3,1,0,3,3,0,4,0,5,2,2,4,2,1,0,179,178,1,2,3,2,2,3,3,2,5,0,0,1,4,2,5,4,1,0,4,4,2,0,2,1,7,4
0.17647058823529413,0.03221051942036038,0.4444444444444444,0.25,0.23076923076923078,0.7666666666666667,0.0,0.0,0.2816780821917808,0.2052401746724891,0.06375227686703097,0.2893289328932893,0.21502590673575128,0.0,0.3333333333333333,0.0,0.8333333333333334,0.0,0.5555555555555556,0.0,0.0,0.0,0.0,0.2887189292543021,0.0,0.0886368006152663,3,1,0,3,3,0,2,0,31,1,2,0,0,2,0,78,178,1,3,0,2,3,3,3,5,5,0,4,1,4,3,5,2,1,2,4,4,0,0,2,1,7,1
0.35294117647058826,0.026548879603591632,0.5555555555555556,0.625,0.7384615384615385,0.43333333333333335,0.159375,0.3314075630252101,0.175513698630137,0.3247036805988771,0.23387978142076501,0.0,0.195919689119171,0.5,0.3333333333333333,0.0,0.5,0.0,0.3333333333333333,0.3333333333333333,0.25,0.3018867924528302,0.3453908984830805,0.0,0.0,0.1732359161699673,3,1,0,3,3,0,4,0,31,2,2,0,7,3,0,65,66,1,3,3,1,3,3,0,0,5,0,0,1,4,3,5,1,5,2,4,4,2,0,1,1,7,0
0.0,0.03675854743845891,0.6666666666666666,0.5,0.9153846153846154,0.8333333333333334,0.078125,0.0,0.6284246575342466,0.4578914535246413,0.3628415300546448,0.0,0.31055699481865284,0.0,0.6666666666666666,0.0,0.5,0.0,0.3333333333333333,0.0,0.5,0.49485420240137223,0.14002333722287047,0.04780114722753346,0.0,0.3001345895020188,3,1,0,0,3,0,1,0,54,2,2,0,2,1,0,179,178,1,2,3,2,2,3,3,5,5,0,0,1,4,2,5,2,1,1,4,4,2,0,2,1,7,4
0.23529411764705882,0.05122614273882996,1.0,0.5,0.9769230769230769,0.9666666666666667,0.17,0.6722689075630253,0.1720890410958904,0.5246412975670618,0.4586520947176685,0.32453245324532454,0.5867875647668394,0.5,0.6666666666666666,0.5,0.5,0.0,0.6666666666666666,0.3333333333333333,0.75,0.725557461406518,0.22870478413068845,0.25621414913957935,0.0,0.7519707748509902,3,1,0,3,3,0,4,0,35,2,2,0,5,1,0,179,178,2,0,3,2,0,3,0,2,5,0,0,1,4,0,5,0,3,0,4,4,2,0,2,1,6,5
0.17647058823529413,0.032187124214505966,0.4444444444444444,0.875,0.15384615384615385,0.0,0.0,0.12657563025210083,0.09803082191780822,0.2685589519650655,0.17413479052823316,0.22332233223322331,0.27428756476683935,0.5,0.3333333333333333,0.0,0.6666666666666666,0.0,0.4444444444444444,0.0,0.25,0.3293310463121784,0.0,0.248565965583174,0.2028985507246377,0.16169967313978081,3,1,0,3,3,0,4,0,31,2,2,0,0,1,0,65,66,1,3,3,0,3,1,3,4,1,0,0,1,4,3,5,2,5,2,4,4,2,0,2,1,7,4
0.23529411764705882,0.049986196828545895,0.5555555555555556,0.5,0.9307692307692308,0.8666666666666667,0.0,0.36239495798319327,0.0488013698630137,0.25077978789769184,0.11693989071038251,0.6364136413641364,0.46664507772020725,0.5,0.6666666666666666,0.5,0.5,0.0,0.4444444444444444,0.3333333333333333,0.5,0.48027444253859347,0.14585764294049008,0.367112810707457,0.0,0.34627956162276485,3,1,0,0,3,0,1,0,16,2,2,0,5,1,0,179,178,1,3,3,2,0,3,3,0,5,0,0,1,4,2,5,4,3,0,4,4,2,0,2,1,7,4
0.0,0.03187830749722767,0.4444444444444444,0.75,0.6076923076923076,0.15,0.0,0.0,0.0,0.0,0.1453551912568306,0.0,0.1172279792746114,0.0,0.3333333333333333,0.0,0.5,0.0,0.2222222222222222,0.0,0.25,0.2521440823327616,0.0,0.0,0.0,0.13766583349355893,3,1,0,0,3,0,4,0,74,2,2,0,2,1,0,65,66,1,3,3,3,3,3,3,2,5,0,4,1,4,3,5,2,1,1,4,4,2,0,2,1,7,4
0.058823529411764705,0.027699923731628915,0.3333333333333333,0.5,0.46923076923076923,0.0,0.0,0.13970588235294118,0.22345890410958905,0.24578914535246413,0.1111111111111111,0.0,0.08678756476683938,0.0,0.3333333333333333,0.0,0.3333333333333333,0.0,0.1111111111111111,0.6666666666666666,0.0,0.0,0.0,0.0,0.0,0.12516823687752354,3,1,0,3,3,0,0,0,19,1,2,0,2,1,0,11,13,1,3,3,1,3,3,3,4,5,0,4,1,0,3,5,4,1,2,4,4,2,0,1,1,7,0
0.17647058823529413,0.040277186398963126,0.4444444444444444,0.625,0.46153846153846156,0.0,0.0,0.0,0.3146404109589041,0.2292576419213974,0.09180327868852459,0.16446644664466448,0.16645077720207255,0.0,0.3333333333333333,0.0,0.3333333333333333,0.0,0.2222222222222222,0.0,0.25,0.2058319039451115,0.0,0.0745697896749522,0.0,0.1424726014228033,3,1,0,3,3,0,4,0,46,2,2,0,0,1,0,65,66,1,3,3,1,3,3,3,5,5,0,2,1,0,3,5,2,5,2,4,4,2,0,2,1,7,4
0.0,0.037642886219755846,0.4444444444444444,0.625,0.5846153846153846,0.1,0.0,0.38813025210084034,0.1733732876712329,0.3568309419837804,0.24080145719489982,0.0,0.20207253886010362,0.5,0.3333333333333333,0.0,0.5,0.0,0.3333333333333333,0.0,0.25,0.5111492281303602,0.051341890315052506,0.0,0.0,0.1809267448567583,3,1,0,3,3,0,4,0,31,2,2,0,2,1,0,78,72,1,3,3,1,3,3,0,1,5,0,4,1,4,3,5,2,1,2,4,4,2,0,2,1,7,4
0.0,0.026548879603591632,0.4444444444444444,0.5,0.7076923076923077,0.36666666666666664,0.0,0.40808823529411764,0.05008561643835616,0.27885215221459764,0.14972677595628414,0.0,0.1211139896373057,0.0,0.3333333333333333,0.0,0.3333333333333333,0.0,0.3333333333333333,0.0,0.5,0.5145797598627787,0.2508751458576429,0.0,0.0,0.1693905018265718,3,1,0,3,2,0,4,0,54,2,2,0,2,3,0,65,66,1,3,3,1,3,3,0,4,5,0,4,1,4,3,5,2,5,1,4,4,2,0,2,1,7,4
0.23529411764705882,0.028373705660236104,0.4444444444444444,0.5,0.6307692307692307,0.2,0.18,0.28361344537815125,0.1386986301369863,0.2694946974422957,0.1431693989071038,0.5148514851485149,0.4183937823834197,0.0,0.6666666666666666,0.0,0.6666666666666666,0.0,0.5555555555555556,0.3333333333333333,0.25,0.22641509433962265,0.0,0.32122370936902483,0.0,0.2587963853105172,3,1,0,3,3,0,4,0,74,4,2,0,5,1,0,179,178,1,3,3,1,3,3,3,0,5,0,4,1,4,3,5,4,1,1,4,4,2,0,2,1,7,4
0.058823529411764705,0.03481674535254236,0.4444444444444444,0.125,0.3076923076923077,0.0,0.0,0.0,0.4113869863013699,0.2997504678727386,0.21639344262295082,0.0,0.18037564766839378,0.0,0.3333333333333333,0.0,0.3333333333333333,0.0,0.3333333333333333,0.0,0.25,0.28987993138936535,0.0,0.0,0.0,0.06171890021149779,4,1,0,3,3,0,0,0,18,2,2,0,2,1,0,65,66,1,3,0,0,1,2,3,5,5,0,2,1,3,3,1,2,5,2,3,3,0,0,2,1,7,0
0.23529411764705882,0.03087699268665865,0.6666666666666666,0.5,0.9692307692307692,0.95,0.0625,0.4264705882352941,0.11986301369863013,0.3406113537117904,0.229143897996357,0.24092409240924093,0.3335492227979275,0.5,0.6666666666666666,0.0,0.3333333333333333,0.0,0.4444444444444444,0.0,0.5,0.37564322469982847,0.0,0.32122370936902483,0.0,0.39626994808690635,1,1,0,3,3,0,4,0,26,2,2,0,5,1,0,20,20,2,2,3,2,2,3,3,2,5,0,0,1,4,2,5,2,1,0,4,4,2,0,2,1,7,4
0.5882352941176471,0.0628722762131584,0.7777777777777778,0.5,0.8923076923076924,0.7666666666666667,0.0,0.41281512605042014,0.2029109589041096,0.3930131004366812,0.29326047358834245,0.0,0.24870466321243523,0.5,0.3333333333333333,0.5,0.16666666666666666,0.0,0.1111111111111111,0.6666666666666666,0.5,0.4288164665523156,0.14002333722287047,0.05736137667304015,0.0,0.4049221303595462,3,1,0,1,3,0,4,0,5,2,2,4,2,1,0,19,9,1,2,3,2,2,3,3,2,5,0,0,1,4,0,5,2,1,0,4,4,2,0,2,1,7,4
0.0,0.033880937118365706,0.6666666666666666,0.5,0.9615384615384616,0.9166666666666666,0.0,0.012605042016806723,0.550513698630137,0.4086088583905178,0.30127504553734064,0.0,0.25582901554404147,0.0,0.6666666666666666,0.0,0.5,0.0,0.3333333333333333,0.3333333333333333,0.5,0.34305317324185247,0.0,0.0,0.0,0.25012497596616035,3,1,0,0,3,0,4,0,54,2,2,0,2,1,0,179,178,1,2,3,2,2,3,0,2,5,0,0,1,4,2,5,2,1,0,4,4,2,0,2,1,6,5
0.058823529411764705,0.04058600311624142,0.4444444444444444,0.875,0.46153846153846156,0.7833333333333333,0.0,0.0,0.2876712328767123,0.2096069868995633,0.06885245901639345,0.0,0.04922279792746114,0.0,0.3333333333333333,0.0,0.3333333333333333,0.0,0.1111111111111111,0.0,0.25,0.2058319039451115,0.19603267211201866,0.0,0.0,0.14054989425110556,3,1,0,3,3,0,4,0,22,2,2,0,2,1,0,78,72,1,3,3,2,3,3,3,5,5,0,0,1,4,3,5,2,5,2,4,4,0,0,0,1,7,4
0.23529411764705882,0.04942939092921079,0.7777777777777778,0.5,0.9076923076923077,0.8,0.40625,0.0,0.4884417808219178,0.3558951965065502,0.24845173041894353,0.6039603960396039,0.5644430051813472,0.0,0.6666666666666666,0.5,0.6666666666666666,0.0,0.7777777777777778,0.3333333333333333,0.5,0.3602058319039451,0.16802800466744458,0.23518164435946462,0.0,0.42895597000576813,3,1,0,3,3,0,0,0,10,2,2,0,5,3,0,179,178,1,2,3,2,2,3,3,5,5,0,2,1,4,2,5,4,3,0,4,4,2,0,2,1,7,0
0.23529411764705882,0.041353365868266274,0.5555555555555556,0.5,0.8846153846153846,0.7666666666666667,0.0,0.0,0.3450342465753425,0.2514036182158453,0.11766848816029143,0.4213421342134213,0.34067357512953367,0.0,0.6666666666666666,0.5,0.5,0.0,0.4444444444444444,0.3333333333333333,0.5,0.31989708404802747,0.0,0.07648183556405354,0.0,0.2559123245529706,3,1,0,0,3,0,4,0,28,2,2,0,5,1,0,65,66,1,3,3,2,2,3,3,5,5,0,2,1,4,3,5,4,3,0,4,4,2,0,2,1,7,4
0.0,0.039608083511526816,0.3333333333333333,0.375,0.7384615384615385,0.7166666666666667,0.0,0.5861344537815126,0.07063356164383562,0.39956331877729256,0.41420765027322404,0.0,0.35621761658031087,0.5,0.6666666666666666,0.0,0.5,0.0,0.5555555555555556,0.3333333333333333,0.5,0.4202401372212693,0.14002333722287047,0.1491395793499044,0.0,0.22130359546241107,3,1,0,0,3,0,0,0,22,1,2,0,2,1,0,39,54,1,3,3,1,3,3,3,1,5,0,0,1,4,3,2,4,1,2,4,4,2,0,1,1,7,4
0.17647058823529413,0.041896134644088735,0.5555555555555556,0.5,0.4307692307692308,0.0,0.0,0.0,0.4554794520547945,0.3318777292576419,0.248816029143898,0.0,0.36237046632124353,0.0,0.3333333333333333,0.0,0.5,0.0,0.3333333333333333,0.0,0.25,0.2058319039451115,0.0,0.0,0.0,0.15400884445298982,3,1,0,3,3,0,4,0,6,2,2,0,0,1,0,65,66,1,3,3,0,3,3,3,5,5,0,0,1,0,3,1,2,5,2,4,4,2,0,2,1,7,4
0.29411764705882354,0.06574052845090984,0.5555555555555556,0.75,0.2692307692307692,0.43333333333333335,0.0,0.0,0.3595890410958904,0.26200873362445415,0.13005464480874318,0.46204620462046203,0.3756476683937824,0.0,0.6666666666666666,0.0,0.6666666666666666,0.0,0.5555555555555556,0.0,0.25,0.2641509433962264,0.0,0.0,0.2898550724637681,0.2732166890982503,3,1,0,3,3,0,4,0,14,2,2,0,5,1,0,78,54,1,3,3,0,2,3,3,5,5,0,0,1,4,3,5,2,1,2,4,4,2,0,2,1,7,4
0.23529411764705882,0.05908693190591384,0.6666666666666666,0.5,0.9692307692307692,0.9333333333333333,0.21875,0.0,0.4550513698630137,0.33156581409856517,0.21420765027322405,0.6056105610561056,0.5349740932642487,0.0,0.6666666666666666,0.5,0.5,0.0,0.6666666666666666,0.3333333333333333,0.75,0.8121783876500858,0.22403733955659277,0.11854684512428298,0.0,0.47125552778311863,3,1,0,3,3,0,0,0,35,2,2,0,5,1,0,179,178,1,2,3,2,0,1,3,5,5,0,0,1,4,2,5,2,1,1,4,4,2,0,2,1,6,5
0.23529411764705882,0.043393427818771375,0.7777777777777778,0.5,0.9769230769230769,0.9666666666666667,0.0625,0.41439075630252103,0.10488013698630137,0.32252027448534,0.20655737704918034,0.5654565456545655,0.5045336787564767,0.5,0.6666666666666666,0.5,0.5,0.0,0.5555555555555556,0.3333333333333333,0.75,0.7169811320754716,0.0,0.1950286806883365,0.0,0.5861372812920592,1,1,0,3,3,0,4,0,26,2,2,0,5,1,0,179,178,2,2,3,2,0,3,3,2,5,0,0,1,4,0,5,2,1,0,4,4,2,0,2,1,6,5
0.0,0.037642886219755846,0.4444444444444444,0.25,0.6,0.13333333333333333,0.0,0.0,0.5462328767123288,0.39800374298190894,0.28888888888888886,0.0,0.24481865284974094,0.0,0.3333333333333333,0.0,0.5,0.0,0.2222222222222222,0.0,0.25,0.30017152658662094,0.0,0.0,0.0,0.048259950009613535,3,1,0,3,3,0,4,0,31,2,2,0,2,1,0,1,2,1,3,0,1,3,0,3,5,5,0,4,1,0,3,4,2,1,2,4,4,2,0,2,1,0,0
1.0,0.1549885597443372,0.4444444444444444,0.5,0.5769230769230769,0.08333333333333333,0.0,0.5546218487394958,0.0,0.32938240798502805,0.2087431693989071,0.0,0.17357512953367876,0.5,0.3333333333333333,0.0,0.5,0.0,0.2222222222222222,0.0,0.5,0.49056603773584906,0.3080513418903151,0.0,0.0,0.21169005960392231,3,1,0,3,0,0,4,0,28,2,2,1,2,3,0,78,72,1,3,3,1,3,3,2,4,5,0,4,0,4,3,5,2,1,0,4,4,2,0,2,1,7,4
0.0,0.013461601448631146,0.6666666666666666,0.5,0.9923076923076923,0.9833333333333333,0.27,0.30357142857142855,0.3818493150684932,0.4585152838427948,0.36247723132969034,0.0,0.31023316062176165,0.5,0.6666666666666666,0.5,0.3333333333333333,0.0,0.4444444444444444,0.3333333333333333,0.5,0.41509433962264153,0.0,0.27533460803059273,0.0,0.3597385118246491,1,1,0,1,3,0,4,0,26,2,2,0,2,1,0,65,66,2,0,3,2,0,3,0,2,5,0,0,1,4,2,5,2,1,0,4,4,2,0,2,1,6,5
0.058823529411764705,0.034783992064346174,0.4444444444444444,0.625,0.36153846153846153,0.0,0.0,0.0,0.4315068493150685,0.314410480349345,0.19854280510018216,0.0,0.1645077720207254,0.0,0.3333333333333333,0.0,0.3333333333333333,0.0,0.2222222222222222,0.3333333333333333,0.5,0.30874785591766724,0.0,0.0,0.23550724637681159,0.15400884445298982,4,1,0,3,3,0,4,0,46,0,2,0,2,1,0,11,13,1,3,3,1,3,3,3,5,5,0,2,1,0,3,5,2,5,2,4,4,2,0,2,1,7,4
0.23529411764705882,0.04539605743990941,0.6666666666666666,0.5,0.8692307692307693,0.7166666666666667,0.0,0.026260504201680673,0.21361301369863014,0.3368683718028696,0.2174863387978142,0.5594059405940595,0.5106865284974094,0.0,0.6666666666666666,0.5,0.5,0.0,0.6666666666666666,0.3333333333333333,0.75,0.58147512864494,0.22870478413068845,0.3575525812619503,0.0,0.37127475485483563,3,1,0,1,3,0,1,0,24,2,2,0,5,1,0,179,178,1,2,3,2,2,3,3,1,2,0,0,1,4,2,5,4,1,2,4,4,2,0,2,1,7,4
0.0,0.0344985705529223,0.6666666666666666,0.5,0.9769230769230769,0.95,0.0,0.012605042016806723,0.5633561643835616,0.41796631316281974,0.31220400728597447,0.0,0.2655440414507772,0.0,0.6666666666666666,0.0,0.5,0.0,0.3333333333333333,0.0,0.5,0.33962264150943394,0.11668611435239207,0.05736137667304015,0.0,0.28116516054604884,3,1,0,0,3,0,4,0,28,2,2,0,2,1,0,179,178,1,2,3,2,2,3,0,2,5,0,0,1,4,2,5,2,1,0,4,4,2,0,2,1,6,5
0.23529411764705882,0.029562182117640452,0.5555555555555556,0.75,0.7538461538461538,0.4666666666666667,0.126875,0.10976890756302521,0.19820205479452055,0.2096069868995633,0.06885245901639345,0.4004400440044004,0.2849740932642487,0.0,0.3333333333333333,0.5,0.5,0.0,0.3333333333333333,0.3333333333333333,0.5,0.37735849056603776,0.0,0.0,0.0,0.2203422418765622,3,1,0,3,3,0,4,0,22,2,2,0,5,3,0,71,64,1,3,3,1,3,3,3,0,5,0,4,1,4,3,5,4,1,0,4,4,2,0,2,1,7,4
0.29411764705882354,0.0977638862244349,0.5555555555555556,0.625,0.2923076923076923,0.0,0.0,0.592436974789916,0.1035958904109589,0.42732376793512167,0.32313296903460836,0.6897689768976898,0.6813471502590673,0.5,0.6666666666666666,0.5,0.6666666666666666,0.0,0.7777777777777778,0.3333333333333333,0.75,0.7409948542024014,0.0,0.0,0.0,0.3924245337435109,3,1,0,0,3,0,4,0,14,1,2,0,5,3,0,78,12,1,3,3,0,2,3,3,1,5,1,4,0,0,3,5,2,5,2,4,4,0,0,2,1,7,4
0.17647058823529413,0.031040759127639563,0.4444444444444444,0.625,0.46153846153846156,0.0,0.0,0.1638655462184874,0.19006849315068494,0.23580786026200873,0.0994535519125683,0.2079207920792079,0.19883419689119172,0.5,0.3333333333333333,0.5,0.5,0.0,0.4444444444444444,0.0,0.25,0.2058319039451115,0.0,0.0,0.0,0.17515862334166507,3,1,0,3,3,0,4,0,31,2,2,0,0,1,0,65,66,1,3,3,0,3,3,3,0,5,0,1,0,1,3,5,2,5,2,4,4,1,0,2,1,7,1
0.0,0.03239768106719571,0.4444444444444444,0.625,0.676923076923077,0.3,0.0,0.4070378151260504,0.12029109589041095,0.32938240798502805,0.2087431693989071,0.0,0.17357512953367876,0.5,0.3333333333333333,0.0,0.5,0.0,0.3333333333333333,0.3333333333333333,0.25,0.2607204116638079,0.0,0.16252390057361377,0.3333333333333333,0.20592193808882908,3,1,0,3,3,0,4,0,74,2,2,0,2,1,0,179,178,1,3,3,1,3,3,3,1,5,0,0,1,4,3,5,1,1,2,4,4,2,0,2,1,7,4
0.4117647058823529,0.025893813839667976,0.6666666666666666,0.5,0.9,0.8,0.125,0.6875,0.014982876712328766,0.4192139737991266,0.31366120218579235,0.0,0.266839378238342,1.0,0.6666666666666666,0.0,0.3333333333333333,0.5,0.5555555555555556,0.0,1.0,0.6723842195540308,0.0,0.0,0.0,0.3295520092289944,4,1,0,3,3,0,4,0,16,2,2,2,6,1,0,179,178,1,3,1,2,2,1,1,2,5,0,0,1,4,3,5,2,1,0,4,4,2,0,2,1,7,2
0.0,0.07069563305087521,0.5555555555555556,0.75,0.7461538461538462,0.8333333333333334,0.07875,0.6544117647058824,0.1523972602739726,0.49968808484092325,0.40765027322404374,0.0,0.35038860103626945,0.0,0.6666666666666666,0.0,0.5,0.0,0.5555555555555556,0.3333333333333333,0.5,0.45368782161234994,0.28004667444574094,0.0,0.0,0.34627956162276485,3,1,0,0,3,0,2,0,19,2,2,0,2,1,0,20,20,2,2,3,1,2,3,3,0,5,0,2,1,4,2,5,4,1,0,4,4,2,0,2,1,7,4
0.0,0.0946289286399431,0.4444444444444444,0.5,0.5692307692307692,0.06666666666666667,0.0,0.0,0.4229452054794521,0.30817217716781037,0.18397085610200364,0.0,0.15155440414507773,0.0,0.3333333333333333,0.0,0.3333333333333333,0.0,0.1111111111111111,0.0,0.5,0.44596912521440824,0.0,0.0,0.0,0.15016343010959432,3,1,0,3,1,0,4,1,16,0,2,0,2,3,0,71,64,1,3,3,1,3,3,3,5,5,0,0,1,0,3,5,2,1,1,4,4,0,0,2,1,7,4
0.23529411764705882,0.035906961945358154,0.7777777777777778,0.5,0.9076923076923077,0.8,0.295625,0.5178571428571429,0.2071917808219178,0.4585152838427948,0.35956284153005463,0.6380638063806381,0.6832901554404145,0.5,0.6666666666666666,0.5,0.6666666666666666,0.0,0.5555555555555556,0.3333333333333333,0.75,0.5969125214408233,0.0,0.12619502868068833,0.0,0.5385502787925399,3,1,0,3,3,0,4,0,10,2,2,0,5,1,0,179,178,1,2,3,2,2,3,3,2,5,0,2,1,4,2,5,4,1,0,4,4,2,0,2,1,7,4
0.0,0.03497115371118151,0.5555555555555556,0.5,0.5846153846153846,0.1,0.04625,0.3235294117647059,0.2482876712328767,0.37305053025577045,0.2597449908925319,0.0,0.2189119170984456,0.5,0.3333333333333333,0.0,0.3333333333333333,0.0,0.3333333333333333,0.3333333333333333,0.25,0.25471698113207547,0.0,0.0841300191204589,0.0,0.20015381657373582,3,1,0,3,3,0,4,0,74,2,2,0,2,1,0,78,72,1,3,3,1,2,3,3,3,5,0,2,1,0,3,5,2,1,1,4,4,2,0,2,1,7,4
0.23529411764705882,0.008665584248475803,0.6666666666666666,0.875,0.5076923076923077,0.7,0.0,0.0,0.2786815068493151,0.20305676855895197,0.08160291438979964,0.37513751375137516,0.2814119170984456,0.0,0.3333333333333333,0.5,0.5,0.0,0.3333333333333333,0.6666666666666666,0.25,0.2058319039451115,0.0,0.0,0.22826086956521738,0.19246298788694483,4,1,0,3,1,0,4,0,46,2,2,0,5,1,0,71,64,1,3,1,1,3,3,3,5,5,0,2,1,4,3,5,2,5,2,4,4,1,0,2,1,7,4
0.35294117647058826,0.052751510160537904,0.6666666666666666,0.5,0.8384615384615385,0.65,0.090625,0.7972689075630253,0.0,0.47348721147847783,0.42295081967213116,0.0,0.3639896373056995,0.5,0.6666666666666666,0.0,0.3333333333333333,0.0,0.2222222222222222,0.3333333333333333,0.5,0.4879931389365352,0.09334889148191365,0.0,0.0,0.4616419919246299,3,1,0,3,2,0,4,1,24,2,2,0,7,1,0,78,72,1,2,3,2,2,3,1,2,5,0,2,1,4,2,5,4,1,0,4,4,2,0,2,1,7,4
0.0,0.033066783954632015,0.3333333333333333,0.625,0.5923076923076923,0.11666666666666667,0.0,0.15126050420168066,0.2649828767123288,0.28290704928259514,0.15446265938069217,0.0,0.1253238341968912,0.0,0.3333333333333333,0.0,0.5,0.0,0.2222222222222222,0.0,0.25,0.3018867924528302,0.0,0.0,0.0,0.14248798308017688,3,1,0,0,3,0,4,0,74,2,2,0,2,3,0,65,66,1,3,3,1,3,3,3,4,5,0,0,1,4,3,5,2,5,2,4,4,2,0,2,1,7,4
0.0,0.02449945957074476,0.6666666666666666,0.5,0.9769230769230769,0.95,0.0675,0.3487394957983193,0.2328767123287671,0.3767935121646912,0.2641165755919854,0.0,0.22279792746113988,0.5,0.6666666666666666,0.0,0.3333333333333333,0.0,0.3333333333333333,0.0,0.5,0.5385934819897084,0.12252042007001167,0.10325047801147227,0.0,0.3085945010574889,3,1,0,3,3,0,4,0,54,2,2,0,2,1,0,179,178,1,2,3,2,2,3,3,2,5,0,0,1,4,2,5,2,1,1,4,4,2,0,2,1,6,5
0.0,0.04646755786804168,0.5555555555555556,0.5,0.8307692307692308,0.6333333333333333,0.0,0.5278361344537815,0.1656678082191781,0.43418590143480973,0.3384335154826958,0.0,0.28886010362694303,0.5,0.6666666666666666,0.0,0.5,0.0,0.3333333333333333,0.3333333333333333,0.5,0.4939965694682676,0.0,0.0,0.3061594202898551,0.26937127475485484,3,1,0,0,3,0,0,0,10,2,2,0,2,1,0,71,64,1,3,3,1,2,3,2,2,5,0,4,1,4,2,5,4,1,2,4,4,2,0,2,1,7,4
0.8235294117647058,0.0007205723403160225,0.5555555555555556,0.5,0.7,0.35,0.145,0.2032563025210084,0.0410958904109589,0.15065502183406113,0.0,0.27722772277227725,0.15123056994818654,0.0,0.3333333333333333,0.5,0.3333333333333333,0.0,0.1111111111111111,0.0,0.25,0.22641509433962265,0.0,0.0,0.0,0.0970967121707364,4,1,0,3,3,0,4,0,7,2,2,3,5,1,0,71,64,1,3,3,1,3,3,3,0,5,0,4,1,4,3,5,2,5,2,4,4,2,0,2,1,0,0
0.17647058823529413,0.018996907153786047,0.5555555555555556,0.75,0.3076923076923077,0.8,0.0,0.0,0.3857020547945205,0.28103555832813476,0.2204007285974499,0.06050605060506051,0.21955958549222798,0.0,0.3333333333333333,0.0,0.6666666666666666,0.0,0.4444444444444444,0.0,0.0,0.0,0.0,0.18738049713193117,0.0,0.08652182272639877,4,1,0,0,0,0,4,0,46,1,2,0,0,1,0,65,66,1,3,3,0,3,3,3,5,5,0,2,1,4,3,5,2,1,2,4,4,0,0,2,1,3,0
0.8235294117647058,0.0018435422213280055,0.4444444444444444,0.5,0.7,0.35,0.235,0.24737394957983194,0.12585616438356165,0.23861509669369932,0.10273224043715846,0.33003300330033003,0.27363989637305697,0.5,0.3333333333333333,0.5,0.3333333333333333,0.0,0.3333333333333333,0.0,0.5,0.37735849056603776,0.28004667444574094,0.06883365200764818,0.0,0.16842914824072294,4,1,0,3,3,0,4,0,7,2,2,4,5,1,0,71,64,1,3,3,1,3,3,3,0,5,0,0,1,4,3,2,2,5,2,4,4,2,0,2,1,7,4
0.23529411764705882,0.04357591042443582,0.5555555555555556,0.5,0.9,0.8,0.0,0.0,0.3964041095890411,0.288833437305053,0.16138433515482695,0.37293729372937295,0.35103626943005184,0.0,0.6666666666666666,0.5,0.5,0.0,0.4444444444444444,0.3333333333333333,0.5,0.40308747855917665,0.0,0.06883365200764818,0.0,0.28090751778504136,3,1,0,0,3,0,0,0,28,2,2,0,5,1,0,179,178,1,3,3,2,2,3,3,5,5,0,0,1,4,3,5,4,1,0,4,4,2,0,2,1,7,4
0.9411764705882353,0.0017031709862015076,0.3333333333333333,0.75,0.7076923076923077,0.36666666666666664,0.0,0.2599789915966387,0.05779109589041096,0.1965065502183406,0.053551912568306013,0.0,0.03562176165803109,0.5,0.3333333333333333,0.0,0.16666666666666666,0.0,0.0,0.0,0.0,0.0,0.10268378063010501,0.0,0.0,0.0886368006152663,4,1,0,3,3,0,4,0,7,2,2,3,6,1,0,20,20,1,3,1,1,2,3,0,0,5,0,2,1,4,3,5,2,1,2,4,4,2,0,2,1,7,4
0.23529411764705882,0.042771115343043904,0.6666666666666666,0.625,0.8923076923076924,0.7666666666666667,0.0,0.20220588235294118,0.029965753424657533,0.24922021210230816,0.12531876138433515,0.45874587458745875,0.3694948186528497,0.5,0.6666666666666666,0.5,0.5,0.0,0.3333333333333333,0.3333333333333333,0.5,0.4716981132075472,0.18436406067677946,0.11663479923518165,0.0,0.3405114401076716,3,1,0,1,3,0,1,0,54,4,2,0,5,1,0,179,178,1,2,3,2,2,3,0,2,0,0,0,1,4,2,5,4,1,1,4,4,2,0,2,1,5,4
0.17647058823529413,0.013447564325118497,0.5555555555555556,0.875,0.3076923076923077,0.0,0.0,0.0,0.2773972602739726,0.20212102308172178,0.09143897996357013,0.21122112211221122,0.19365284974093264,0.0,0.3333333333333333,0.0,0.3333333333333333,0.0,0.3333333333333333,0.0,0.5,0.37735849056603776,0.0,0.0,0.0,0.15593155162468755,4,1,0,3,3,0,4,0,46,2,2,0,0,1,0,11,12,1,3,3,0,1,3,3,5,5,0,4,1,0,3,5,2,5,2,4,4,2,0,2,1,7,4
0.14705882352941177,0.020934030198531718,0.5555555555555556,0.75,0.35384615384615387,0.9,0.0,0.0,0.3784246575342466,0.2757330006238303,0.1533697632058288,0.0,0.12435233160621761,0.0,0.3333333333333333,0.0,0.3333333333333333,0.0,0.1111111111111111,0.0,0.25,0.15437392795883362,0.0,0.0,0.19021739130434784,0.16169967313978081,4,1,0,3,3,0,4,0,19,2,2,0,1,1,0,78,72,1,2,3,2,3,3,3,5,5,0,2,1,4,3,5,2,5,2,4,4,2,0,2,1,7,4
0.058823529411764705,0.012886079384612505,0.4444444444444444,0.625,0.25384615384615383,0.8666666666666667,0.0,0.19170168067226892,0.03210616438356165,0.1372426699937617,0.07686703096539162,0.0,0.056347150259067356,0.0,0.3333333333333333,0.0,0.3333333333333333,0.0,0.1111111111111111,0.3333333333333333,0.25,0.3018867924528302,0.0,0.0,0.06159420289855073,0.10661411267064026,3,1,0,3,3,0,4,0,14,2,2,0,2,1,0,11,12,1,3,3,2,3,3,3,3,5,0,4,0,4,2,5,2,5,2,2,4,1,0,2,1,7,4
0.17647058823529413,0.050664657798323964,0.5555555555555556,0.875,0.3076923076923077,0.8333333333333334,0.0,0.0,0.2928082191780822,0.2133499688084841,0.073224043715847,0.2816281628162816,0.2189119170984456,0.0,0.3333333333333333,0.0,0.5,0.0,0.4444444444444444,0.0,0.5,0.4528301886792453,0.0,0.08795411089866156,0.0,0.14439530859450106,3,1,0,3,3,0,0,0,31,2,2,0,0,1,0,78,72,1,3,3,0,3,0,2,5,5,0,2,1,4,2,5,2,5,2,4,4,2,0,0,1,4,4
0.0,0.06506206748113176,1.0,0.5,0.9846153846153847,0.9666666666666667,0.125,0.928046218487395,0.3373287671232877,0.9650655021834061,0.6990892531876138,0.0,0.6094559585492227,0.5,0.6666666666666666,0.0,0.3333333333333333,0.0,0.7777777777777778,0.6666666666666666,0.75,0.5763293310463122,0.0,0.13766730401529637,0.0,1.0,3,1,0,3,3,0,4,0,35,2,2,0,2,3,0,179,178,2,0,3,2,0,3,1,2,0,0,0,1,4,0,5,2,1,0,4,4,2,0,2,1,7,4
0.4117647058823529,0.049513613670286685,0.3333333333333333,0.375,0.5769230769230769,0.08333333333333333,0.16875,0.06985294117647059,0.5595034246575342,0.44915782907049284,0.34863387978142074,0.0,0.2979274611398964,0.0,0.6666666666666666,0.0,0.6666666666666666,0.5,0.5555555555555556,0.0,0.0,0.0,0.0,0.0,0.0,0.15977696596808305,3,1,0,3,3,0,4,0,31,2,2,2,2,1,0,179,178,1,3,3,1,3,3,3,0,5,0,4,0,1,1,5,2,1,2,4,4,2,0,2,1,7,4
0.17647058823529413,0.022057000079543698,0.4444444444444444,0.75,0.38461538461538464,0.7,0.0,0.0,0.461472602739726,0.33624454148471616,0.23497267759562843,0.24477447744774478,0.34099740932642486,0.0,0.6666666666666666,0.0,0.5,0.0,0.5555555555555556,0.3333333333333333,0.5,0.30874785591766724,0.0,0.0,0.0,0.24610651797731206,4,1,0,3,3,0,4,0,19,2,2,0,0,1,0,65,66,1,3,3,2,3,3,3,5,5,0,4,1,4,3,5,2,5,2,4,4,1,0,2,1,7,4
0.5882352941176471,0.011210982645436298,0.6666666666666666,0.5,0.9692307692307692,0.95,0.045,0.0,0.538527397260274,0.39238927011852776,0.28233151183970856,0.0,0.23898963730569947,0.0,0.6666666666666666,0.0,0.3333333333333333,0.0,0.3333333333333333,0.3333333333333333,0.75,0.5557461406518011,0.16802800466744458,0.030592734225621414,0.0,0.26456450682561045,3,1,0,3,3,0,4,0,5,2,2,4,2,1,0,11,13,1,2,3,2,0,3,0,5,5,0,0,1,4,2,5,2,1,0,4,4,2,0,2,1,6,5
0.23529411764705882,0.03380139341846069,0.6666666666666666,0.5,0.8769230769230769,0.75,0.0,0.33718487394957986,0.11686643835616438,0.285402370555209,0.16393442622950818,0.5363036303630363,0.4494818652849741,0.5,0.6666666666666666,0.5,0.6666666666666666,0.0,0.5555555555555556,0.3333333333333333,0.5,0.4228130360205832,0.16802800466744458,0.25430210325047803,0.0,0.3366660257642761,3,1,0,3,3,0,4,0,54,2,2,0,5,1,0,179,178,1,2,1,2,2,3,3,2,5,0,0,1,4,2,5,4,1,2,4,4,2,0,2,1,7,4
0.0,0.03897173391228669,0.5555555555555556,0.5,0.5846153846153846,0.1,0.0,0.0,0.6147260273972602,0.4479101684341859,0.43934426229508194,0.0,0.3785621761658031,0.0,0.3333333333333333,0.0,0.5,0.0,0.4444444444444444,0.3333333333333333,0.5,0.411663807890223,0.0,0.0,0.0,0.1780426840992117,3,1,0,3,3,0,0,0,31,2,2,0,2,3,0,78,72,1,3,3,1,3,3,3,5,5,0,1,1,4,3,5,2,1,2,4,4,2,0,2,1,0,4
0.0,0.0700265301634389,0.5555555555555556,0.625,0.6615384615384615,0.8666666666666667,0.0,0.12972689075630253,0.2384417808219178,0.47317529631940114,0.51183970856102,0.0,0.4430051813471503,0.0,0.6666666666666666,0.5,0.3333333333333333,0.0,0.3333333333333333,0.3333333333333333,0.5,0.4957118353344768,0.0,0.0,0.0,0.2982118823303211,3,1,0,0,3,0,0,0,74,3,2,0,2,1,0,19,54,1,2,3,1,3,3,3,0,4,0,0,1,4,2,4,2,1,0,4,4,2,0,2,1,7,4
0.23529411764705882,0.04533055086351705,0.6666666666666666,0.5,0.9076923076923077,0.8166666666666667,0.0,0.0,0.3981164383561644,0.29008109794135994,0.17231329690346084,0.5115511551155115,0.4423575129533679,0.0,0.6666666666666666,0.5,0.6666666666666666,0.0,0.7777777777777778,0.3333333333333333,0.5,0.36963979416809606,0.10385064177362893,0.0,0.0,0.31724668333012884,3,1,0,0,3,0,0,0,28,2,2,0,5,1,0,179,178,1,2,3,2,2,3,3,5,5,0,2,1,4,2,5,4,1,0,4,4,2,0,2,1,7,4
0.17647058823529413,0.0330995372428282,0.5555555555555556,0.625,0.43846153846153846,0.0,0.0,0.0,0.3339041095890411,0.24329382407985028,0.10819672131147541,0.3278327832783278,0.2772020725388601,0.0,0.6666666666666666,0.0,0.5,0.0,0.4444444444444444,0.3333333333333333,0.25,0.16981132075471697,0.0,0.0,0.0,0.16266102672562968,4,1,0,3,0,0,4,0,18,2,2,0,0,1,0,65,66,1,3,3,0,3,3,3,5,5,0,4,1,4,3,5,2,5,2,4,4,0,0,2,1,7,4
0.17647058823529413,0.020934030198531718,0.2222222222222222,0.75,0.5230769230769231,0.8666666666666667,0.0,0.17384453781512604,0.13613013698630136,0.2024329382407985,0.07140255009107468,0.27722772277227725,0.21470207253886012,0.0,0.3333333333333333,0.5,0.3333333333333333,0.0,0.3333333333333333,0.0,0.25,0.2641509433962264,0.0,0.3365200764818356,0.0,0.16362238031147855,4,1,0,3,3,0,4,0,46,2,2,0,0,1,0,65,66,1,3,1,1,3,3,3,0,5,0,0,1,4,3,5,2,5,2,4,4,2,0,2,1,7,4
0.058823529411764705,0.019455453188532607,0.5555555555555556,0.875,0.38461538461538464,0.9166666666666666,0.0,0.0,0.3480308219178082,0.2535870243293824,0.12021857923497267,0.0,0.09488341968911918,0.0,0.3333333333333333,0.0,0.3333333333333333,0.0,0.2222222222222222,0.0,0.25,0.23156089193825044,0.0,0.21606118546845124,0.0,0.14439530859450106,4,1,0,3,3,0,4,0,46,2,2,0,2,3,0,78,72,1,3,3,0,3,3,3,5,5,0,0,1,0,2,5,2,5,2,1,1,0,0,2,1,7,4
0.0,0.3239534154661027,0.6666666666666666,0.5,0.7307692307692307,0.4166666666666667,0.0,0.3440126050420168,0.3758561643835616,0.4781659388646288,0.3825136612021858,0.0,0.3280440414507772,0.5,0.6666666666666666,0.0,0.3333333333333333,0.0,0.2222222222222222,0.6666666666666666,0.5,0.4939965694682676,0.23337222870478413,0.10325047801147227,0.0,0.47125552778311863,3,1,0,0,2,0,4,1,14,2,2,0,2,1,5,39,54,1,3,3,1,2,3,1,0,5,0,4,1,4,2,5,4,1,2,4,4,2,0,2,1,7,4
0.23529411764705882,0.03638890318595913,0.5555555555555556,0.5,0.8923076923076924,0.7833333333333333,0.02625,0.3897058823529412,0.05565068493150685,0.2719900187149095,0.14754098360655737,0.47744774477447743,0.40025906735751293,0.5,0.6666666666666666,0.5,0.5,0.0,0.4444444444444444,0.0,0.5,0.36192109777015435,0.16802800466744458,0.2332695984703633,0.0,0.3251297827340896,3,1,0,0,3,0,0,0,10,2,2,0,5,3,0,179,178,1,2,3,2,0,3,3,0,5,0,0,1,4,3,5,2,1,0,4,4,2,0,2,1,7,4
0.23529411764705882,0.03497115371118151,0.7777777777777778,0.5,0.9846153846153847,0.9666666666666667,0.0,0.0,0.3287671232876712,0.2395508421709295,0.11038251366120219,0.44224422442244227,0.34650259067357514,0.0,0.6666666666666666,0.5,0.5,0.0,0.3333333333333333,0.0,0.5,0.5797598627787307,0.0,0.05736137667304015,0.0,0.3366660257642761,1,1,0,3,3,0,4,0,26,2,2,0,5,1,0,179,178,1,2,3,2,2,3,3,5,5,0,0,1,4,2,5,2,1,1,4,4,2,0,2,1,7,4
0.4117647058823529,0.03636082893893383,0.4444444444444444,0.5,0.7384615384615385,0.43333333333333335,0.0,0.8434873949579832,0.052226027397260275,0.5389893948845914,0.453551912568306,0.0,0.3911917098445596,1.0,0.6666666666666666,0.0,0.6666666666666666,0.5,0.5555555555555556,0.0,0.5,0.48027444253859347,0.0,0.0,0.0,0.2943664679869256,3,1,0,3,3,0,4,0,16,2,2,2,2,1,0,39,54,1,3,3,1,3,3,3,0,5,0,4,1,4,3,5,2,5,2,4,4,2,0,2,1,7,3
0.0,0.03777857841371146,0.6666666666666666,0.625,0.7153846153846154,0.38333333333333336,0.2,0.4810924369747899,0.13955479452054795,0.38739862757330007,0.27650273224043714,0.0,0.2338082901554404,0.0,0.3333333333333333,0.5,0.5,0.0,0.3333333333333333,0.3333333333333333,0.5,0.4528301886792453,0.0,0.0,0.0,0.2703326283407037,3,1,0,3,3,0,4,0,19,2,2,0,2,3,0,71,64,1,3,3,1,3,3,3,0,5,0,1,1,4,3,5,4,1,2,4,4,2,0,2,1,7,4
0.29411764705882354,0.014247680365339535,0.4444444444444444,0.5,0.27692307692307694,0.0,0.0,0.0,0.2671232876712329,0.19463505926388022,0.05136612021857923,0.39603960396039606,0.266839378238342,0.0,0.3333333333333333,0.0,0.6666666666666666,0.0,0.4444444444444444,0.0,0.75,0.4399656946826758,0.0,0.0,0.17391304347826086,0.12132282253412806,4,1,0,3,3,0,4,0,46,2,2,0,5,1,0,6,6,1,3,3,0,3,3,3,5,5,0,1,0,4,3,5,2,5,2,1,1,2,0,2,1,0,0
0.0,0.24191110757583556,0.3333333333333333,0.625,0.5692307692307692,0.7333333333333333,0.0,0.5861344537815126,0.10616438356164383,0.42545227698066124,0.42987249544626593,0.0,0.3701424870466321,0.5,0.3333333333333333,0.0,0.3333333333333333,0.0,0.3333333333333333,0.6666666666666666,0.5,0.45368782161234994,0.2613768961493582,0.26195028680688337,0.0,0.4251105556623726,3,1,0,0,2,0,1,1,14,2,2,0,2,0,3,39,54,1,3,3,1,2,3,1,1,5,0,0,1,4,2,2,2,1,0,4,4,2,0,2,1,7,4
0.29411764705882354,0.01672289314473678,0.7777777777777778,0.75,0.34615384615384615,0.7666666666666667,0.0,0.0,0.2517123287671233,0.18340611353711792,0.12750455373406194,0.4581958195819582,0.3711139896373057,0.0,0.3333333333333333,0.0,0.5,0.0,0.4444444444444444,0.3333333333333333,0.25,0.1955403087478559,0.22403733955659277,0.12045889101338432,0.0,0.24245337435108633,4,1,0,3,3,0,4,0,46,2,2,0,5,3,0,11,13,1,3,1,2,3,3,3,5,5,0,1,1,4,2,5,2,5,2,4,4,2,0,2,1,7,4
0.17647058823529413,0.02568325698697823,0.4444444444444444,0.375,0.5384615384615384,0.0,0.100625,0.09716386554621849,0.2243150684931507,0.22114784778540236,0.1806921675774135,0.12321232123212321,0.22117875647668395,0.5,0.3333333333333333,0.0,0.5,0.0,0.2222222222222222,0.3333333333333333,0.25,0.3018867924528302,0.0,0.0,0.4492753623188406,0.14439530859450106,3,1,0,0,0,0,0,0,19,2,2,0,0,1,0,65,66,0,3,3,1,3,3,3,3,5,0,4,1,4,2,5,4,5,2,4,4,2,0,2,1,7,4
0.23529411764705882,0.030310828704981776,0.7777777777777778,0.5,0.9923076923076923,0.9833333333333333,0.06875,0.2857142857142857,0.1232876712328767,0.2595134123518403,0.12714025500910747,0.6067106710671067,0.4582253886010363,0.5,0.6666666666666666,0.5,0.5,0.0,0.5555555555555556,0.0,0.5,0.4734133790737564,0.0,0.28680688336520077,0.0,0.4394058834839454,1,1,0,0,3,0,4,0,26,6,2,0,5,1,0,179,178,2,2,3,2,2,3,3,2,5,0,0,1,4,3,5,2,3,0,4,4,2,0,2,1,6,5
0.29411764705882354,0.026548879603591632,0.6666666666666666,1.0,0.4307692307692308,0.95,0.0,0.18382352941176472,0.0,0.17467248908296942,0.03351548269581057,0.30803080308030806,0.19915803108808292,0.5,0.3333333333333333,0.0,0.5,0.0,0.3333333333333333,0.0,0.5,0.4939965694682676,0.29871645274212366,0.0,0.0,0.23091713132089983,3,1,0,3,3,0,4,0,6,1,2,0,5,1,0,78,72,1,2,1,2,2,1,3,0,1,0,0,1,4,2,5,2,5,1,4,4,2,0,2,1,7,4
0.0,0.03160692310931644,0.4444444444444444,0.5,0.6538461538461539,0.25,0.0,0.29044117647058826,0.0,0.2694946974422957,0.13879781420765028,0.0,0.11139896373056994,0.0,0.3333333333333333,0.0,0.5,0.0,0.2222222222222222,0.3333333333333333,0.25,0.30874785591766724,0.0,0.0,0.427536231884058,0.05284176119976928,3,1,0,0,3,0,4,0,22,2,2,0,2,1,0,65,66,1,3,3,1,3,3,3,4,1,0,2,1,4,3,5,3,5,2,4,4,2,0,1,1,7,4
0.29411764705882354,0.04895212872978069,0.5555555555555556,0.75,0.4153846153846154,0.75,0.0,0.17121848739495799,0.16652397260273974,0.22301933873986277,0.13333333333333333,0.4460946094609461,0.36917098445595853,0.0,0.3333333333333333,0.5,0.5,0.0,0.3333333333333333,0.3333333333333333,0.25,0.2058319039451115,0.0,0.0,0.0,0.295712363007114,3,1,0,0,1,0,4,1,14,2,2,0,5,3,0,11,12,1,3,3,1,3,3,3,3,5,0,1,1,0,3,5,2,5,2,4,4,2,0,2,1,7,4
0.0,0.03230410024377804,0.4444444444444444,0.5,0.7538461538461538,0.4666666666666667,0.085,0.3235294117647059,0.1815068493150685,0.32439176543980036,0.2029143897996357,0.0,0.16839378238341968,0.0,0.6666666666666666,0.0,0.5,0.0,0.2222222222222222,0.0,0.0,0.0,0.0,0.0,0.0,0.17131320899826957,3,1,0,3,1,0,4,1,54,2,2,0,2,1,0,71,64,1,3,3,1,2,3,3,4,5,0,4,1,4,3,5,2,1,2,4,4,2,0,2,1,7,4
0.5882352941176471,0.007233797650185524,0.6666666666666666,0.5,0.9538461538461539,0.9,0.01125,0.0,0.5886130136986302,0.4288833437305053,0.33916211293260473,0.0,0.28950777202072536,0.0,0.6666666666666666,0.0,0.3333333333333333,0.0,0.3333333333333333,0.3333333333333333,0.5,0.34133790737564323,0.16802800466744458,0.03824091778202677,0.0,0.2765621995770044,4,1,0,3,3,0,4,0,5,2,2,4,2,3,0,179,178,1,2,3,2,2,3,3,5,5,0,0,1,4,2,5,4,1,0,4,4,2,0,2,1,7,4
0.0,0.04258863273737946,0.6666666666666666,0.5,0.6923076923076923,0.3333333333333333,0.0,0.40861344537815125,0.21361301369863014,0.39831565814098563,0.28925318761384333,0.0,0.24514248704663213,0.5,0.3333333333333333,0.0,0.3333333333333333,0.0,0.2222222222222222,0.3333333333333333,0.5,0.451114922813036,0.0,0.0,0.0,0.25398961738127285,3,1,0,3,3,0,4,0,74,2,2,0,2,0,3,39,54,1,3,1,1,3,1,1,2,5,0,4,1,4,3,5,3,1,2,4,4,2,0,1,1,7,4
0.29411764705882354,0.03721709347320547,0.4444444444444444,0.75,0.47692307692307695,0.75,0.14,0.2027310924369748,0.1464041095890411,0.22707423580786026,0.14754098360655737,0.4158415841584158,0.3639896373056995,0.0,0.3333333333333333,0.5,0.5,0.0,0.4444444444444444,0.6666666666666666,0.25,0.26758147512864494,0.19603267211201866,0.0,0.0,0.21457412036146895,3,1,0,3,3,0,4,0,74,0,2,0,5,1,0,65,66,2,3,3,1,3,3,3,3,5,0,0,1,4,2,5,2,1,2,4,4,2,0,2,1,7,4
0.0,0.046331865674086065,0.7777777777777778,0.5,0.9692307692307692,0.9333333333333333,0.155,0.0,0.6960616438356164,0.5071740486587648,0.4193078324225865,0.0,0.36075129533678757,0.0,0.6666666666666666,0.0,0.5,0.0,0.4444444444444444,0.3333333333333333,0.75,0.7427101200686106,0.0,0.0841300191204589,0.0,0.41357431263218614,3,1,0,0,3,0,4,0,35,2,2,0,2,1,0,179,178,2,2,3,2,2,3,3,5,5,0,0,1,4,2,5,2,1,1,4,4,2,0,2,1,7,4
0.23529411764705882,0.03633275469190853,0.5555555555555556,0.5,0.8692307692307693,0.7166666666666667,0.075,0.22373949579831934,0.1738013698630137,0.2595134123518403,0.12714025500910747,0.4829482948294829,0.3853626943005181,0.0,0.6666666666666666,0.5,0.5,0.0,0.4444444444444444,0.0,0.5,0.4339622641509434,0.16802800466744458,0.1338432122370937,0.0,0.2924437608152278,3,1,0,0,3,0,0,0,24,7,2,0,5,1,0,71,64,1,2,3,2,2,3,3,2,5,0,0,1,4,2,5,2,1,1,4,4,2,0,2,1,7,4
0.5882352941176471,0.024770843958655992,0.7777777777777778,0.5,0.8076923076923077,0.5833333333333334,0.0,0.19327731092436976,0.0,0.4641297567061759,0.37122040072859747,0.0,0.3180051813471503,0.5,0.3333333333333333,0.5,0.16666666666666666,0.0,0.1111111111111111,0.0,0.5,0.4528301886792453,0.0,0.10325047801147227,0.0,0.3405114401076716,3,1,0,0,3,0,0,0,8,2,2,4,2,1,0,71,64,1,2,3,2,2,3,0,2,1,0,4,1,4,2,5,2,1,1,4,4,2,0,2,1,7,4
0.23529411764705882,0.0487836832476289,0.6666666666666666,0.625,0.7461538461538462,0.45,0.0,0.0,0.3458904109589041,0.2520274485339988,0.24699453551912567,0.4444444444444444,0.4692357512953368,0.0,0.6666666666666666,0.5,0.5,0.0,0.5555555555555556,0.3333333333333333,0.5,0.45797598627787306,0.0,0.0,0.0,0.2982118823303211,3,1,0,3,3,0,4,0,19,3,2,0,5,4,4,11,54,1,3,3,1,2,3,3,5,5,0,4,1,4,3,5,2,1,1,4,4,2,0,2,1,7,4
0.9411764705882353,0.010055259476228132,0.5555555555555556,0.5,0.9615384615384616,0.9166666666666666,0.05,0.24107142857142858,0.03767123287671233,0.17061759201497192,0.2145719489981785,0.0,0.17875647668393782,0.5,0.3333333333333333,0.0,0.3333333333333333,0.0,0.2222222222222222,0.0,0.5,0.4502572898799314,0.0,0.05353728489483748,0.0,0.21745818111901558,4,1,0,3,3,0,4,0,31,2,2,4,7,1,0,179,178,1,3,3,2,2,3,1,2,5,0,0,1,4,3,5,2,2,1,4,4,2,0,2,1,7,4
0.0,0.06293778278955077,0.7777777777777778,0.5,0.9692307692307692,0.95,0.19,0.7090336134453782,0.2679794520547945,0.6163443543356207,0.5438979963570127,0.0,0.47150259067357514,0.5,0.6666666666666666,0.0,0.3333333333333333,0.0,0.4444444444444444,0.3333333333333333,0.75,0.7787307032590052,0.29171528588098017,0.12045889101338432,0.0,0.7788886752547587,3,1,0,0,3,0,4,0,35,2,2,0,2,1,0,179,178,1,2,3,2,0,3,1,2,5,0,0,1,4,2,5,0,1,1,4,4,2,0,2,1,6,5
0.5882352941176471,0.017799072614039933,0.7777777777777778,0.5,0.9230769230769231,0.8333333333333334,0.0,0.6281512605042017,0.12756849315068494,0.46600124766063633,0.42586520947176687,0.0,0.36658031088082904,0.5,0.6666666666666666,0.0,0.3333333333333333,0.0,0.3333333333333333,0.0,0.5,0.427958833619211,0.11201866977829639,0.09177820267686425,0.0,0.41549701980388387,3,1,0,3,3,0,4,0,8,2,2,4,2,1,0,20,20,1,2,3,2,2,3,0,2,5,0,0,1,4,0,5,2,1,1,4,4,2,0,2,1,7,4
0.0,0.03253805230232221,0.4444444444444444,0.625,0.6384615384615384,0.21666666666666667,0.0,0.33088235294117646,0.14554794520547945,0.3025577043044292,0.17741347905282331,0.0,0.14572538860103626,0.5,0.3333333333333333,0.0,0.3333333333333333,0.0,0.2222222222222222,0.0,0.5,0.5351629502572899,0.0,0.045889101338432124,0.0,0.18765621995770043,3,1,0,3,3,0,0,0,22,2,2,0,2,3,0,71,64,1,3,3,1,3,3,3,2,5,0,4,1,4,3,5,2,5,2,4,4,2,0,2,1,7,4
0.0,0.05427219854107496,0.5555555555555556,0.5,0.9,0.8,0.134375,0.5220588235294118,0.2071917808219178,0.4610106051154086,0.3679417122040073,0.0,0.31509067357512954,0.5,0.6666666666666666,0.0,0.5,0.0,0.4444444444444444,0.3333333333333333,0.5,0.43567753001715265,0.1633605600933489,0.0745697896749522,0.0,0.33455104787540857,3,1,0,3,3,0,4,1,54,2,2,0,2,1,0,179,178,1,3,3,2,2,3,1,2,5,0,0,1,4,2,5,4,1,0,4,4,2,0,2,1,7,4
0.23529411764705882,0.056929893926136656,0.8888888888888888,0.5,0.9692307692307692,0.9333333333333333,0.4825,0.0,0.9216609589041096,0.6715533374922021,0.5777777777777777,0.31573157315731576,0.6875,0.0,0.6666666666666666,0.5,0.5,0.0,0.6666666666666666,0.3333333333333333,0.75,0.5951972555746141,0.4830805134189031,0.16061185468451242,0.0,0.6635262449528937,3,1,0,3,3,0,4,0,35,2,2,0,5,3,0,179,178,1,0,3,2,2,3,0,5,5,0,0,1,4,0,5,2,3,0,4,4,2,0,2,1,7,4
0.0,0.0426307441079174,0.7777777777777778,0.5,0.9769230769230769,0.9666666666666667,0.21,0.6764705882352942,0.17851027397260275,0.5318153462258266,0.44990892531876137,0.0,0.38795336787564766,0.5,0.6666666666666666,0.0,0.5,0.0,0.4444444444444444,0.3333333333333333,0.75,0.7084048027444254,0.2427071178529755,0.0841300191204589,0.0,0.5039415497019804,3,1,0,3,3,0,4,0,54,2,2,0,2,3,0,179,178,2,2,3,2,0,3,1,2,5,0,0,1,4,2,5,2,1,1,4,4,2,0,2,1,7,4
0.058823529411764705,0.02058310211071547,0.3333333333333333,0.75,0.43846153846153846,0.8333333333333334,0.271875,0.08823529411764706,0.3163527397260274,0.28290704928259514,0.2360655737704918,0.0,0.19786269430051814,0.0,0.3333333333333333,0.0,0.3333333333333333,0.0,0.4444444444444444,0.0,0.5,0.5763293310463122,0.0,0.13766730401529637,0.0,0.10492405306671794,4,1,0,3,0,0,4,0,46,2,2,0,2,3,0,11,12,0,3,3,0,1,3,3,4,5,0,4,1,4,3,5,2,5,2,4,4,2,0,2,1,7,2
0.0,0.06787885026600349,0.8888888888888888,0.5,0.9538461538461539,0.9166666666666666,0.23625,0.6622899159663865,0.24486301369863014,0.5717404865876482,0.49799635701275047,0.0,0.43069948186528495,0.5,0.6666666666666666,0.0,0.5,0.0,0.5555555555555556,0.3333333333333333,0.75,0.6620926243567753,0.6056009334889149,0.21414913957934992,0.0,0.5597000576812151,3,1,0,0,3,0,2,0,35,2,2,0,2,3,0,179,178,1,2,3,2,0,3,1,2,5,0,0,1,4,2,5,2,1,0,4,4,2,0,2,1,7,4
0.0,0.04828770488351527,0.8888888888888888,0.5,0.9461538461538461,0.9,0.35125,0.8230042016806722,0.09631849315068493,0.5589519650655022,0.4768670309653916,0.0,0.4119170984455959,0.5,0.6666666666666666,0.0,0.3333333333333333,0.0,0.3333333333333333,0.3333333333333333,0.75,0.7495711835334476,0.24037339556592766,0.09369024856596558,0.0,0.6519900019227072,3,1,0,0,1,0,4,0,35,2,2,0,2,3,0,179,178,1,2,3,2,0,3,1,2,5,0,0,1,4,0,5,2,1,0,4,4,2,0,2,1,7,4
0.29411764705882354,0.004557386100440298,0.6666666666666666,0.875,0.2692307692307692,0.9166666666666666,0.0,0.15703781512605042,0.2615582191780822,0.2838427947598253,0.15774134790528233,0.5005500550055005,0.4229274611398964,0.5,0.3333333333333333,0.5,0.6666666666666666,0.0,0.4444444444444444,0.3333333333333333,0.25,0.14065180102915953,0.0,0.0,0.0,0.23091713132089983,4,1,1,3,3,0,0,0,46,2,2,0,5,1,0,11,12,1,2,3,2,3,3,3,0,5,0,0,1,4,0,3,2,1,2,1,1,2,0,2,1,7,4
0.5882352941176471,0.013915468442206824,0.5555555555555556,0.5,0.9076923076923077,0.8,0.0725,0.47111344537815125,0.1365582191780822,0.3792888334373051,0.26703096539162113,0.0,0.22538860103626943,0.5,0.6666666666666666,0.0,0.3333333333333333,0.0,0.2222222222222222,0.0,0.5,0.34476843910806176,0.0,0.2390057361376673,0.0,0.2482214958661796,4,1,0,3,3,0,2,0,16,2,2,3,2,3,0,179,178,1,3,3,2,0,3,3,2,5,0,0,1,4,3,5,2,1,2,4,4,2,0,2,1,7,4
0.0,0.029159784576944493,0.4444444444444444,0.75,0.6307692307692307,0.85,0.0,0.3088235294117647,0.1759417808219178,0.31160324391765437,0.18797814207650274,0.0,0.15511658031088082,0.5,0.3333333333333333,0.0,0.5,0.0,0.3333333333333333,0.0,0.25,0.22641509433962265,0.0,0.25239005736137665,0.0,0.18765621995770043,3,1,0,0,3,0,0,0,22,2,2,0,2,1,0,71,54,1,3,1,1,3,3,3,0,5,0,2,1,4,2,5,2,5,2,4,4,2,0,2,1,7,4
0.0,0.03777857841371146,0.4444444444444444,0.75,0.5384615384615384,0.95,0.0,0.31880252100840334,0.2166095890410959,0.3471615720524017,0.22950819672131148,0.0,0.19203367875647667,0.0,0.3333333333333333,0.0,0.5,0.0,0.2222222222222222,0.3333333333333333,0.25,0.22641509433962265,0.0,0.15296367112810708,0.21739130434782608,0.2155354739473178,3,1,0,3,3,0,4,0,74,2,2,0,2,1,0,65,66,1,2,3,1,3,3,3,0,5,0,2,1,4,2,5,2,1,2,4,4,2,0,2,1,7,4
0.0,0.04100243778045003,0.4444444444444444,0.75,0.6538461538461539,0.25,0.105,0.43907563025210083,0.1014554794520548,0.3346849656893325,0.21493624772313297,0.0,0.179080310880829,0.5,0.3333333333333333,0.5,0.5,0.0,0.3333333333333333,0.0,0.5,0.44168096054888506,0.0,0.0,0.0,0.23283983849259757,3,1,0,3,3,0,4,0,74,2,2,0,2,3,0,65,66,1,3,3,1,3,3,3,0,5,0,4,1,4,3,5,2,1,1,4,4,2,0,2,1,7,4
0.0,0.05014528422835592,0.4444444444444444,0.625,0.7,0.35,0.0,0.5241596638655462,0.20804794520547945,0.462882096069869,0.3646630236794171,0.0,0.3121761658031088,0.0,0.6666666666666666,0.0,0.5,0.0,0.4444444444444444,0.3333333333333333,0.5,0.4176672384219554,0.2613768961493582,0.0,0.0,0.26937127475485484,3,1,0,0,3,0,4,0,19,2,2,0,2,1,0,39,54,1,3,3,1,2,3,0,0,5,0,2,1,4,3,5,4,1,2,4,4,2,0,2,1,7,4
1.0,0.043393427818771375,0.4444444444444444,0.375,0.15384615384615385,0.3333333333333333,0.0,0.3487394957983193,0.12414383561643835,0.2975670617592015,0.4673952641165756,0.3564356435643564,0.6133419689119171,0.0,0.6666666666666666,0.0,0.5,0.5,0.7777777777777778,0.3333333333333333,0.5,0.44596912521440824,0.16569428238039674,0.0,0.0,0.2405306671793886,3,1,0,3,3,0,0,0,46,2,2,1,0,1,0,78,72,1,3,0,1,3,0,3,1,5,0,4,0,0,3,4,2,1,2,4,1,0,0,2,1,3,4
0.9411764705882353,0.0,0.3333333333333333,0.875,0.6923076923076923,0.8666666666666667,0.0,0.2704831932773109,0.04922945205479452,0.1965065502183406,0.053551912568306013,0.0,0.03562176165803109,0.5,0.3333333333333333,0.0,0.16666666666666666,0.0,0.0,0.0,0.25,0.24528301886792453,0.0,0.0,0.0,0.09825033647375504,4,1,0,3,3,0,4,0,7,2,2,3,6,1,0,20,20,1,3,1,1,2,3,0,2,5,0,4,1,4,2,5,2,1,2,4,4,2,0,2,1,7,4
0.8235294117647058,0.005329427893636036,0.4444444444444444,0.625,0.7384615384615385,0.43333333333333335,0.0,0.0,0.11301369863013698,0.08234560199625701,0.04845173041894353,0.37843784378437845,0.2538860103626943,0.0,0.3333333333333333,0.5,0.5,0.0,0.1111111111111111,0.3333333333333333,0.25,0.2881646655231561,0.1645274212368728,0.045889101338432124,0.0,0.15400884445298982,4,1,0,3,3,0,4,0,7,2,2,4,5,1,0,20,20,1,3,3,2,2,3,2,5,5,0,4,1,4,3,5,2,3,0,4,4,2,0,2,1,7,4
0.17647058823529413,0.037263883884914306,0.5555555555555556,0.75,0.46923076923076923,0.0,0.0,0.21165966386554622,0.10188356164383562,0.2514036182158453,0.17304189435336975,0.341034103410341,0.3426165803108808,0.5,0.3333333333333333,0.0,0.5,0.0,0.2222222222222222,0.6666666666666666,0.25,0.2058319039451115,0.0,0.0,0.057971014492753624,0.18861757354354933,3,1,0,3,3,0,4,0,74,0,2,0,0,1,0,78,72,1,3,3,1,3,3,3,1,4,0,4,1,0,1,5,4,1,2,4,4,2,0,2,1,7,4
0.23529411764705882,0.0657498865332516,0.5555555555555556,0.5,0.9692307692307692,0.9333333333333333,0.0,0.0,0.3116438356164384,0.22707423580786026,0.08925318761384335,0.4004400440044004,0.30310880829015546,0.0,0.6666666666666666,0.5,0.5,0.0,0.5555555555555556,0.0,0.5,0.36792452830188677,0.0,0.0,0.0,0.2651124783695443,3,1,0,0,3,0,0,0,28,2,2,0,5,1,0,179,178,1,2,3,2,2,3,3,5,5,0,2,1,4,3,5,2,1,1,4,4,2,0,2,1,6,5
0.0,0.029969258699507298,0.4444444444444444,0.625,0.6153846153846154,0.16666666666666666,0.0,0.19642857142857142,0.15539383561643835,0.3958203368683718,0.2863387978142076,0.0,0.2425518134715026,0.0,0.3333333333333333,0.5,0.5,0.0,0.3333333333333333,0.3333333333333333,0.25,0.2641509433962264,0.0,0.0,0.0,0.23091713132089983,3,1,0,3,3,0,4,0,74,2,2,0,2,1,0,19,72,1,3,3,1,3,3,3,1,3,0,4,1,0,3,5,1,5,2,4,4,2,0,2,1,7,4
0.058823529411764705,0.01992335730562093,0.4444444444444444,0.875,0.4461538461538462,0.7666666666666667,0.0,0.0,0.08133561643835617,0.059263880224578916,0.14681238615664846,0.0,0.11852331606217617,0.0,0.3333333333333333,0.0,0.3333333333333333,0.0,0.1111111111111111,0.0,0.25,0.23413379073756432,0.16802800466744458,0.03824091778202677,0.14492753623188406,0.10844068448375313,4,1,0,3,3,0,4,0,46,0,2,0,2,1,0,65,66,1,3,3,0,1,3,3,5,5,0,2,1,0,3,5,2,1,2,4,4,2,0,2,1,7,4
0.058823529411764705,0.029725948558621366,0.3333333333333333,0.5,0.3076923076923077,0.0,0.0,0.2599789915966387,0.09631849315068493,0.22457891453524642,0.08633879781420765,0.0,0.06476683937823834,0.0,0.3333333333333333,0.0,0.3333333333333333,0.0,0.1111111111111111,0.0,0.0,0.0,0.0,1.0,0.20833333333333334,0.0,0,1,0,3,3,0,4,0,18,2,2,0,2,1,0,78,72,1,3,3,1,3,3,3,4,5,0,4,0,0,3,5,2,1,2,4,4,0,0,1,1,7,0
0.0,0.05224617371408251,0.7777777777777778,0.5,0.8615384615384616,0.7166666666666667,0.0,0.6465336134453782,0.8428938356164384,0.9981285090455396,1.0,0.0,0.8769430051813472,0.5,1.0,0.0,0.6666666666666666,0.0,0.7777777777777778,0.3333333333333333,0.5,0.46826758147512865,0.3080513418903151,0.14340344168260039,0.5271739130434783,0.7596616035377812,3,1,0,0,3,0,4,0,10,2,2,0,2,3,0,19,9,1,2,3,2,2,3,3,2,5,0,0,1,4,2,5,2,1,1,4,4,2,0,2,1,7,4
0.17647058823529413,0.035532638651687494,0.6666666666666666,0.625,0.34615384615384615,0.0,0.0,0.17279411764705882,0.2983732876712329,0.3200249532127261,0.23679417122040072,0.3778877887788779,0.4209844559585492,0.5,0.6666666666666666,0.0,0.6666666666666666,0.0,0.5555555555555556,0.0,0.25,0.2058319039451115,0.0,0.19120458891013384,0.0,0.28667563930013457,3,1,1,3,3,0,4,0,19,2,2,0,0,1,0,78,72,1,3,1,2,3,3,3,4,5,0,0,1,4,3,5,2,5,2,4,4,0,0,0,1,7,4
0.0,0.02935630430612159,0.4444444444444444,0.75,0.6692307692307692,0.9,0.055625,0.23634453781512604,0.17722602739726026,0.2694946974422957,0.15154826958105647,0.0,0.12273316062176166,0.0,0.3333333333333333,0.0,0.5,0.0,0.2222222222222222,0.0,0.25,0.2469982847341338,0.07467911318553092,0.0,0.0,0.18284945202845607,3,1,0,3,3,0,4,0,22,2,2,0,2,3,0,71,64,1,3,3,2,3,3,3,0,5,0,0,1,4,2,5,2,1,0,4,4,2,0,2,1,7,4
0.0,0.028116358395837523,0.4444444444444444,0.75,0.6,0.5833333333333334,0.0,0.058298319327731093,0.22345890410958905,0.28446662507797876,0.15628415300546447,0.0,0.12694300518134716,0.0,0.3333333333333333,0.0,0.3333333333333333,0.0,0.2222222222222222,0.0,0.25,0.25471698113207547,0.014002333722287048,0.5449330783938815,0.0,0.16362238031147855,3,1,0,0,3,0,4,0,74,2,2,0,2,1,0,65,66,1,3,3,1,3,3,3,1,3,0,1,1,4,3,5,2,1,0,4,4,2,0,3,1,7,4
